Feature,Category1,Category2,f_Value,p_Value
HyperLinks,MALE,FEMALE,14.61632851237429,0.00019456218549608405
HyperLinks,18-24,25-34,117.68240652416586,1.776113603628559e-20
HyperLinks,18-24,35-49,81.022031037839724,1.1025762225546988e-15
HyperLinks,18-24,50-64,14.645353422459779,0.00019185938033481215
HyperLinks,18-24,65-xx,0.0050286905974812621,0.9435638322483697
HyperLinks,25-34,35-49,0.8738620920174851,0.35143187760744621
HyperLinks,25-34,50-64,15.483856789487591,0.00012829290469035113
HyperLinks,25-34,65-xx,105.75635452636486,5.3651419244307745e-19
HyperLinks,35-49,50-64,17.236671072733426,5.5873682982511541e-05
HyperLinks,35-49,65-xx,76.646984657699832,4.6439653014153573e-15
HyperLinks,50-64,65-xx,13.971360026639346,0.00026577352393609418



Sentence Length,MALE,FEMALE,0.14346315406384555,0.70541238842269816
Sentence Length,18-24,25-34,129.80631574095329,6.5025636121781723e-22
Sentence Length,18-24,35-49,108.04063549042814,2.7581861311221578e-19
Sentence Length,18-24,50-64,14.992066549248467,0.00016238374529085425
Sentence Length,18-24,65-xx,0.091556029454152144,0.76263888766028098
Sentence Length,25-34,35-49,0.12400829632726275,0.72523497021119587
Sentence Length,25-34,50-64,26.452517578407566,8.5522335875190364e-07
Sentence Length,25-34,65-xx,133.72276086617421,2.3054844596402473e-22
Sentence Length,35-49,50-64,25.879465323580213,1.0998456552310907e-06
Sentence Length,35-49,65-xx,111.33070657415129,1.0692059503005142e-19
Sentence Length,50-64,65-xx,16.377598367997148,8.3833615321488893e-05



NER,MALE,FEMALE,7.9517223273172579,0.0054721928830324387
NER,18-24,25-34,54.220840972393979,1.2097541193735682e-11
NER,18-24,35-49,44.873613616631403,4.2425500861151499e-10
NER,18-24,50-64,9.9427907304038925,0.0019605011359517506
NER,18-24,65-xx,0.43346033244668963,0.51133274450424615
NER,25-34,35-49,0.00039675036457805066,0.98413550814831008
NER,25-34,50-64,11.497179120255701,0.00089681107860245892
NER,25-34,65-xx,21.173905634899938,9.0333685551556442e-06
NER,35-49,50-64,10.096754964160661,0.0018130974134339544
NER,35-49,65-xx,19.137172732479968,2.3015113459004039e-05
NER,50-64,65-xx,2.632707162863289,0.1068404704483109



POS,MALE_NN,FEMALE_NN,3.349411777202465,0.069268511388129533
POS,18-24_NN,25-34_NN,7.8569219341398497,0.0057508649939970397
POS,18-24_NN,35-49_NN,66.339475490341627,1.5485549807682513e-13
POS,18-24_NN,50-64_NN,12.75873416715296,0.00048040879869649321
POS,18-24_NN,65-xx_NN,0.2789684533012925,0.59818001255711639
POS,25-34_NN,35-49_NN,0.34070512068140801,0.56032316402076776
POS,25-34_NN,50-64_NN,3.7222585734403388,0.055631340368417631
POS,25-34_NN,65-xx_NN,8.2584003880522534,0.0046623972431270623
POS,35-49_NN,50-64_NN,16.939873837389033,6.4258922997056546e-05
POS,35-49_NN,65-xx_NN,71.881878575041995,2.2996786938036504e-14
POS,50-64_NN,65-xx_NN,15.31557891036419,0.00013904870579954209
POS,MALE_TO,FEMALE_TO,2.3550887257800297,0.1270389759895886
POS,18-24_TO,25-34_TO,109.33771434321828,1.8954985099339923e-19
POS,18-24_TO,35-49_TO,67.157152021080265,1.164998118750649e-13
POS,18-24_TO,50-64_TO,16.665201515238316,7.3160256787902558e-05
POS,18-24_TO,65-xx_TO,0.11395850341823914,0.73616653014101741
POS,25-34_TO,35-49_TO,0.48844135016790885,0.48573523125584728
POS,25-34_TO,50-64_TO,12.244130124635358,0.0006190523706785956
POS,25-34_TO,65-xx_TO,108.04258629984595,2.7566265298511679e-19
POS,35-49_TO,50-64_TO,12.56245705603,0.00052909959785036416
POS,35-49_TO,65-xx_TO,67.828485103475316,9.2302760251912245e-14
POS,50-64_TO,65-xx_TO,17.480011363266723,4.9835241353139222e-05
POS,MALE_VB,FEMALE_VB,3.8409644868537458,0.051919030329663676
POS,18-24_VB,25-34_VB,99.502798427002034,3.4242312001341716e-18
POS,18-24_VB,35-49_VB,63.642622813901973,3.9915559939359732e-13
POS,18-24_VB,50-64_VB,16.575555441342917,7.6329725622723468e-05
POS,18-24_VB,65-xx_VB,0.0040048677748605165,0.9496268955699384
POS,25-34_VB,35-49_VB,1.3277317796265673,0.25109237213841851
POS,25-34_VB,50-64_VB,10.461959310552361,0.0015072153592505105
POS,25-34_VB,65-xx_VB,86.583605236636529,1.8461183875874094e-16
POS,35-49_VB,50-64_VB,13.339023375365867,0.0003615531205216516
POS,35-49_VB,65-xx_VB,59.492403190065559,1.7576228284681623e-12
POS,50-64_VB,65-xx_VB,14.974974297337933,0.00016372237532721526
POS,MALE_DT,FEMALE_DT,15.583715553930107,0.00012231519702206843
POS,18-24_DT,25-34_DT,107.67191423581552,3.0696313797474778e-19
POS,18-24_DT,35-49_DT,77.551661869789015,3.441309466790517e-15
POS,18-24_DT,50-64_DT,14.401136513279921,0.00021585182569639624
POS,18-24_DT,65-xx_DT,0.0028770584643034482,0.95729673093061962
POS,25-34_DT,35-49_DT,0.96195470849835252,0.32831733489454407
POS,25-34_DT,50-64_DT,13.458537908793224,0.0003410694417918924
POS,25-34_DT,65-xx_DT,99.456421671469016,3.4722492570231571e-18
POS,35-49_DT,50-64_DT,15.987760053488781,0.00010088616245373538
POS,35-49_DT,65-xx_DT,74.359110234680415,9.9661774533314127e-15
POS,50-64_DT,65-xx_DT,13.882858514749355,0.00027743849501234863
POS,MALE_IN,FEMALE_IN,15.715254380112533,0.00011487185434612876
POS,18-24_IN,25-34_IN,107.67135761752422,3.0701275409187421e-19
POS,18-24_IN,35-49_IN,81.985215824852716,8.0648592822384946e-16
POS,18-24_IN,50-64_IN,14.691183423050555,0.00018766944020384534
POS,18-24_IN,65-xx_IN,0.0012301596960566535,0.97206893373109304
POS,25-34_IN,35-49_IN,1.3227617795746973,0.25197735992282411
POS,25-34_IN,50-64_IN,12.742305813828857,0.0004843025540492868
POS,25-34_IN,65-xx_IN,94.741723814652147,1.4508488788199497e-17
POS,35-49_IN,50-64_IN,16.614094455236394,7.4950364066778317e-05
POS,35-49_IN,65-xx_IN,76.303133648999548,5.2060219325400964e-15
POS,50-64_IN,65-xx_IN,13.709665283877765,0.00030180211904322357
POS,MALE_PRP$,FEMALE_PRP$,0.42609008652854191,0.51494025351030515
POS,18-24_PRP$,25-34_PRP$,81.976662678279183,8.0872376469254597e-16
POS,18-24_PRP$,35-49_PRP$,60.671377040965872,1.1499092434771228e-12
POS,18-24_PRP$,50-64_PRP$,11.357637027087673,0.00096145408997946955
POS,18-24_PRP$,65-xx_PRP$,0.08665053772954498,0.76889739424105152
POS,25-34_PRP$,35-49_PRP$,0.0041868129756581426,0.94849692563029098
POS,25-34_PRP$,50-64_PRP$,22.016857487203115,6.1609447580140867e-06
POS,25-34_PRP$,65-xx_PRP$,83.881475699452778,4.3746133748759819e-16
POS,35-49_PRP$,50-64_PRP$,17.727863440664361,4.4366256971724907e-05
POS,35-49_PRP$,65-xx_PRP$,62.276540194965676,6.4797876236163912e-13
POS,50-64_PRP$,65-xx_PRP$,12.36076160267778,0.00058440699930254153
POS,MALE_NNP,FEMALE_NNP,6.7506488318189941,0.010331898947988404
POS,18-24_NNP,25-34_NNP,83.647357402428142,4.7164589877401148e-16
POS,18-24_NNP,35-49_NNP,68.231350662830778,8.0296627034861269e-14
POS,18-24_NNP,50-64_NNP,11.210411595587022,0.0010348443603879669
POS,18-24_NNP,65-xx_NNP,0.10311870930752476,0.74857790106281308
POS,25-34_NNP,35-49_NNP,0.053862130628880796,0.81679918568403609
POS,25-34_NNP,50-64_NNP,15.552158359973957,0.00012417292802499884
POS,25-34_NNP,65-xx_NNP,48.36146909767676,1.1011300711312969e-10
POS,35-49_NNP,50-64_NNP,14.877048502079502,0.00017161170215062942
POS,35-49_NNP,65-xx_NNP,43.427067452285485,7.4814251830636829e-10
POS,50-64_NNP,65-xx_NNP,6.3898428756852281,0.012541521816783667
POS,MALE_VBZ,FEMALE_VBZ,12.404577061039658,0.00057190965545256614
POS,18-24_VBZ,25-34_VBZ,93.361366074102591,2.2171783729885739e-17
POS,18-24_VBZ,35-49_VBZ,60.310278214772843,1.3091278243474741e-12
POS,18-24_VBZ,50-64_VBZ,14.275726129628104,0.00022934111027858716
POS,18-24_VBZ,65-xx_VBZ,0.068349821887661338,0.79412320988724583
POS,25-34_VBZ,35-49_VBZ,0.5954667922730229,0.44156007769087757
POS,25-34_VBZ,50-64_VBZ,12.725496895213524,0.00048831990176509399
POS,25-34_VBZ,65-xx_VBZ,76.992457692811371,4.1411189701509784e-15
POS,35-49_VBZ,50-64_VBZ,13.352468360212141,0.00035918738469594715
POS,35-49_VBZ,65-xx_VBZ,53.707944805677677,1.4637000701095534e-11
POS,50-64_VBZ,65-xx_VBZ,11.747126917622214,0.00079191969189270641
POS,MALE_RBS,FEMALE_RBS,1.319542885962504,0.25255259625805676
POS,18-24_RBS,25-34_RBS,12.134303238649162,0.00065359687133205728
POS,18-24_RBS,35-49_RBS,19.760516014127901,1.7258368422001328e-05
POS,18-24_RBS,50-64_RBS,3.9422703454224624,0.048960243045373726
POS,18-24_RBS,65-xx_RBS,0.81349725632881698,0.36857383530561294
POS,25-34_RBS,35-49_RBS,0.37751950564862219,0.53989006599482492
POS,25-34_RBS,50-64_RBS,4.6257288462463277,0.03314190432083531
POS,25-34_RBS,65-xx_RBS,7.1666334287536806,0.0082773172216972276
POS,35-49_RBS,50-64_RBS,4.525505760699347,0.035073637303079983
POS,35-49_RBS,65-xx_RBS,8.195236360550517,0.0048184330148411444
POS,50-64_RBS,65-xx_RBS,0.64252451357334184,0.42410077464603901
POS,MALE_JJ,FEMALE_JJ,24.106403313737811,2.4110368161264938e-06
POS,18-24_JJ,25-34_JJ,75.230783975212972,7.4431360873545719e-15
POS,18-24_JJ,35-49_JJ,64.477634452519069,2.9732479711795435e-13
POS,18-24_JJ,50-64_JJ,13.695451130531623,0.0003038962302663488
POS,18-24_JJ,65-xx_JJ,0.00069682656433797858,0.97897635664473437
POS,25-34_JJ,35-49_JJ,0.79651212955564055,0.37360685021012907
POS,25-34_JJ,50-64_JJ,10.679962729756458,0.001350370980491829
POS,25-34_JJ,65-xx_JJ,72.788320401554245,1.6915954835602736e-14
POS,35-49_JJ,50-64_JJ,13.908746537378079,0.00027397322334630413
POS,35-49_JJ,65-xx_JJ,63.163757269471866,4.728660529296395e-13
POS,50-64_JJ,65-xx_JJ,13.396572712528073,0.00035153733779617338
POS,MALE_CC,FEMALE_CC,6.448876754026446,0.012148851807393408
POS,18-24_CC,25-34_CC,102.20575676973232,1.5278652676814197e-18
POS,18-24_CC,35-49_CC,91.795148488530955,3.5983391688882587e-17
POS,18-24_CC,50-64_CC,15.90045443215884,0.00010516709169199852
POS,18-24_CC,65-xx_CC,0.00025127988778371371,0.98737425642846488
POS,25-34_CC,35-49_CC,1.2540265312935089e-05,0.99717935220333709
POS,25-34_CC,50-64_CC,16.074258076785704,9.6819889839207929e-05
POS,25-34_CC,65-xx_CC,97.789458499624715,5.7381677408380138e-18
POS,35-49_CC,50-64_CC,15.225834316365196,0.00014515653833416559
POS,35-49_CC,65-xx_CC,88.235225848704232,1.0950748158801908e-16
POS,50-64_CC,65-xx_CC,15.383792445276347,0.00013458201886626996
POS,MALE_NNPS,FEMALE_NNPS,3.1239522254061662,0.079238541267611498
POS,18-24_NNPS,25-34_NNPS,7.4251255925912671,0.0072183130326515348
POS,18-24_NNPS,35-49_NNPS,8.5328393296033376,0.0040425926781432753
POS,18-24_NNPS,50-64_NNPS,2.319579979994141,0.1299175692298418
POS,18-24_NNPS,65-xx_NNPS,0.21944495609501699,0.64016179420621444
POS,25-34_NNPS,35-49_NNPS,0.083429918523067206,0.77311170827553111
POS,25-34_NNPS,50-64_NNPS,3.1893577271785265,0.076194816929249815
POS,25-34_NNPS,65-xx_NNPS,2.8319642212692235,0.094542562195635407
POS,35-49_NNPS,50-64_NNPS,4.1539564855268321,0.043342586183270207
POS,35-49_NNPS,65-xx_NNPS,3.631401902971175,0.058664705262744553
POS,50-64_NNPS,65-xx_NNPS,0.14040759349648185,0.70841986338273011
POS,MALE_RB,FEMALE_RB,5.1670383722469859,0.024478611543456645
POS,18-24_RB,25-34_RB,80.947955067893773,1.1294790042195388e-15
POS,18-24_RB,35-49_RB,54.646523568450505,1.0332006373053136e-11
POS,18-24_RB,50-64_RB,12.251647795630731,0.00061675719054064902
POS,18-24_RB,65-xx_RB,0.00017417805232844283,0.98948811905070189
POS,25-34_RB,35-49_RB,0.31543147294007007,0.57522730207349748
POS,25-34_RB,50-64_RB,18.165808190284213,3.6150361882945408e-05
POS,25-34_RB,65-xx_RB,76.124724168503249,5.5243534024691332e-15
POS,35-49_RB,50-64_RB,16.491189076915873,7.9440319796359802e-05
POS,35-49_RB,65-xx_RB,52.80356263337567,2.0508064231464047e-11
POS,50-64_RB,65-xx_RB,11.582801208767005,0.00085936598133648306
POS,MALE_PRP,FEMALE_PRP,0.4106673744608299,0.52263555860996769
POS,18-24_PRP,25-34_PRP,89.762806963099948,6.7783081771055534e-17
POS,18-24_PRP,35-49_PRP,48.378562092280696,1.0939458306867222e-10
POS,18-24_PRP,50-64_PRP,10.577677299797982,0.001421764080801849
POS,18-24_PRP,65-xx_PRP,0.058054001417045822,0.8099365637336533
POS,25-34_PRP,35-49_PRP,0.029256009353197557,0.86442608385233355
POS,25-34_PRP,50-64_PRP,29.706965698471706,2.0880972718894437e-07
POS,25-34_PRP,65-xx_PRP,84.502299168102624,3.5847245266357952e-16
POS,35-49_PRP,50-64_PRP,17.974828729631209,3.9523628370830555e-05
POS,35-49_PRP,65-xx_PRP,47.431370800862986,1.5737430195659239e-10
POS,50-64_PRP,65-xx_PRP,10.509046931591756,0.0014718256212003429
POS,MALE_VBP,FEMALE_VBP,0.055433857740068787,0.81419409770785123
POS,18-24_VBP,25-34_VBP,90.244506532289975,5.8306574170850926e-17
POS,18-24_VBP,35-49_VBP,70.101740406507218,4.2196548194873088e-14
POS,18-24_VBP,50-64_VBP,14.290611790956159,0.00022769599619250271
POS,18-24_VBP,65-xx_VBP,0.018122708156979687,0.89309725292501829
POS,25-34_VBP,35-49_VBP,1.7810741627988675,0.18409506587348703
POS,25-34_VBP,50-64_VBP,12.830730089595885,0.00046371846111562844
POS,25-34_VBP,65-xx_VBP,84.714711360332146,3.3490433539347311e-16
POS,35-49_VBP,50-64_VBP,17.61381420371702,4.6802544956196627e-05
POS,35-49_VBP,65-xx_VBP,68.184037472301412,8.1620342235251889e-14
POS,50-64_VBP,65-xx_VBP,14.037779121914994,0.00025734892903849578
POS,MALE_VBD,FEMALE_VBD,5.5662988458260223,0.019633464454679703
POS,18-24_VBD,25-34_VBD,59.007855023572425,2.0940100856723868e-12
POS,18-24_VBD,35-49_VBD,37.53729571040229,7.9209725625774555e-09
POS,18-24_VBD,50-64_VBD,7.3170682298991734,0.0076428411587853044
POS,18-24_VBD,65-xx_VBD,0.51753535299294817,0.4730448723465368
POS,25-34_VBD,35-49_VBD,0.038654037429170923,0.84440905096456109
POS,25-34_VBD,50-64_VBD,13.746466025188953,0.00029644860660153261
POS,25-34_VBD,65-xx_VBD,72.107587779267959,2.1301161916405483e-14
POS,35-49_VBD,50-64_VBD,10.948870559249764,0.0011796882362266629
POS,35-49_VBD,65-xx_VBD,43.99442225660902,5.9857237151713945e-10
POS,50-64_VBD,65-xx_VBD,10.504004694851218,0.0014755741423614862
POS,MALE_NNS,FEMALE_NNS,15.220885854636215,0.00014550117439979357
POS,18-24_NNS,25-34_NNS,97.280823911437977,6.6933655326576343e-18
POS,18-24_NNS,35-49_NNS,74.813121894459798,8.5592219000542436e-15
POS,18-24_NNS,50-64_NNS,13.815592873644464,0.00028665312664881318
POS,18-24_NNS,65-xx_NNS,0.014660940294073242,0.90379227496222703
POS,25-34_NNS,35-49_NNS,3.0774905196127871,0.081480991140830655
POS,25-34_NNS,50-64_NNS,6.6565136974656296,0.010866258553198343
POS,25-34_NNS,65-xx_NNS,93.838996242982034,1.9140285301912303e-17
POS,35-49_NNS,50-64_NNS,13.123894712114266,0.00040164783239471325
POS,35-49_NNS,65-xx_NNS,73.955692469569613,1.1412378123969968e-14
POS,50-64_NNS,65-xx_NNS,13.897916099705093,0.00027541753633085269
POS,MALE_VBN,FEMALE_VBN,26.957363592101391,6.8579381347507978e-07
POS,18-24_VBN,25-34_VBN,84.356268220196597,3.7564450611672393e-16
POS,18-24_VBN,35-49_VBN,73.307185790891396,1.4197453966401994e-14
POS,18-24_VBN,50-64_VBN,13.898889854864787,0.00027528736199481605
POS,18-24_VBN,65-xx_VBN,0.035170943997901299,0.85149828859540511
POS,25-34_VBN,35-49_VBN,0.87650102094978999,0.35070782261778621
POS,25-34_VBN,50-64_VBN,8.9543632777044966,0.0032510285340587399
POS,25-34_VBN,65-xx_VBN,80.577146919453909,1.2744989432403378e-15
POS,35-49_VBN,50-64_VBN,12.389528118139625,0.0005761709111459679
POS,35-49_VBN,65-xx_VBN,71.50431989173741,2.6145078602073685e-14
POS,50-64_VBN,65-xx_VBN,13.997238320316146,0.00026245814293419082
POS,MALE_WP,FEMALE_WP,0.0086973680943475198,0.92582511687855296
POS,18-24_WP,25-34_WP,48.480822747060444,1.0519474373759773e-10
POS,18-24_WP,35-49_WP,42.373719636389538,1.1341483722377831e-09
POS,18-24_WP,50-64_WP,14.164903894869651,0.00024197644603520278
POS,18-24_WP,65-xx_WP,0.036791558981420454,0.84815656463033051
POS,25-34_WP,35-49_WP,2.6469679901648746,0.10590394278822651
POS,25-34_WP,50-64_WP,2.3138052210715503,0.13039261336133318
POS,25-34_WP,65-xx_WP,41.112963543729045,1.8723685658584058e-09
POS,35-49_WP,50-64_WP,7.3936861793097108,0.0073392526245805367
POS,35-49_WP,65-xx_WP,38.94020716451034,4.4814588776652926e-09
POS,50-64_WP,65-xx_WP,12.328547409578032,0.00059377320315518107
POS,MALE_VBG,FEMALE_VBG,5.2867645585774028,0.022906344917716349
POS,18-24_VBG,25-34_VBG,86.524303056126627,1.8811969006931106e-16
POS,18-24_VBG,35-49_VBG,66.858638774362603,1.2923839259852341e-13
POS,18-24_VBG,50-64_VBG,13.350551064531585,0.00035952377683211626
POS,18-24_VBG,65-xx_VBG,0.21644495774965619,0.64245531267179556
POS,25-34_VBG,35-49_VBG,2.7554127707754534,0.099072158018209386
POS,25-34_VBG,50-64_VBG,10.623912252846665,0.0013890257195651519
POS,25-34_VBG,65-xx_VBG,92.127458658892351,3.2461089953569116e-17
POS,35-49_VBG,50-64_VBG,17.081095069686583,6.0120014854911443e-05
POS,35-49_VBG,65-xx_VBG,70.207960009998899,4.068967850487533e-14
POS,50-64_VBG,65-xx_VBG,15.168291993719803,0.0001492160593228527
POS,MALE_MD,FEMALE_MD,5.1875585933819117,0.024201298144180081
POS,18-24_MD,25-34_MD,61.588073329008338,8.2823785517078172e-13
POS,18-24_MD,35-49_MD,55.843876863663752,6.6419788486928245e-12
POS,18-24_MD,50-64_MD,14.644024362275312,0.00019198230175474125
POS,18-24_MD,65-xx_MD,0.0075847877438263147,0.93071875991123665
POS,25-34_MD,35-49_MD,3.4314810959827127,0.065983918112359416
POS,25-34_MD,50-64_MD,4.3101133058766479,0.039639901008625626
POS,25-34_MD,65-xx_MD,58.218775892323876,2.7876383333995646e-12
POS,35-49_MD,50-64_MD,11.470232259316386,0.00090893808229619349
POS,35-49_MD,65-xx_MD,54.559195339807424,1.067154543556793e-11
POS,50-64_MD,65-xx_MD,14.296829923209728,0.00022701235960306663
POS,MALE_EX,FEMALE_EX,0.97371829020189882,0.32538708471452582
POS,18-24_EX,25-34_EX,26.002768039135518,1.0418060683255426e-06
POS,18-24_EX,35-49_EX,25.550945061360562,1.2710530270200564e-06
POS,18-24_EX,50-64_EX,11.574923890233038,0.000862743104652769
POS,18-24_EX,65-xx_EX,0.89782834001818268,0.34493035899836422
POS,25-34_EX,35-49_EX,0.00050249504080943671,0.98214640483873816
POS,25-34_EX,50-64_EX,1.4700826736202346,0.2272909703080396
POS,25-34_EX,65-xx_EX,30.990368241153163,1.2076418817887475e-07
POS,35-49_EX,50-64_EX,1.5007971249621801,0.22252150170602858
POS,35-49_EX,65-xx_EX,30.384968953233177,1.5626681052849263e-07
POS,50-64_EX,65-xx_EX,14.594834276469998,0.00019658874508728498
POS,MALE_POS,FEMALE_POS,1.2917130606936218,0.25759451280566492
POS,18-24_POS,25-34_POS,7.3980208941797398,0.0073224542711214724
POS,18-24_POS,35-49_POS,11.099141287031808,0.0010941004624532508
POS,18-24_POS,50-64_POS,3.3632274593900013,0.068703432953826721
POS,18-24_POS,65-xx_POS,0.08585130615374785,0.76993517723415561
POS,25-34_POS,35-49_POS,1.6767269004159664,0.19740393797495012
POS,25-34_POS,50-64_POS,0.69866039302848326,0.40460004192595722
POS,25-34_POS,65-xx_POS,10.806920497286352,0.0012668396878355048
POS,35-49_POS,50-64_POS,3.7549975890052609,0.054579908423684702
POS,35-49_POS,65-xx_POS,13.533772454798711,0.00032878661004330718
POS,50-64_POS,65-xx_POS,5.3566248616643941,0.022038183700338363
POS,MALE_CD,FEMALE_CD,1.349254370045325,0.24730398723987099
POS,18-24_CD,25-34_CD,2.6770371628080731,0.10395890095545833
POS,18-24_CD,35-49_CD,37.911912228049786,6.8001986072283535e-09
POS,18-24_CD,50-64_CD,9.0684351566126917,0.0030655794300755955
POS,18-24_CD,65-xx_CD,0.32901869959898689,0.56712000940379781
POS,25-34_CD,35-49_CD,1.2365751226270281,0.26795986809287098
POS,25-34_CD,50-64_CD,1.822945956921542,0.17905236391846502
POS,25-34_CD,65-xx_CD,2.7549632683729492,0.099099451365786864
POS,35-49_CD,50-64_CD,4.0781162924544212,0.045271942256756625
POS,35-49_CD,65-xx_CD,41.995839282741322,1.3175241093016835e-09
POS,50-64_CD,65-xx_CD,10.772856358227122,0.0012887182727106656
POS,MALE_WDT,FEMALE_WDT,14.147088745243316,0.00024407295414491275
POS,18-24_WDT,25-34_WDT,54.510930311910492,1.0864037841415311e-11
POS,18-24_WDT,35-49_WDT,51.141306773912596,3.828264813217475e-11
POS,18-24_WDT,50-64_WDT,13.976116189592837,0.00026516100022725461
POS,18-24_WDT,65-xx_WDT,0.010433358064738404,0.91878268031365229
POS,25-34_WDT,35-49_WDT,0.38148430171311848,0.5377721065367902
POS,25-34_WDT,50-64_WDT,4.7070922670019257,0.031656392500092084
POS,25-34_WDT,65-xx_WDT,50.77956352635934,4.3885140321803853e-11
POS,35-49_WDT,50-64_WDT,6.7050181205576038,0.010587431396494927
POS,35-49_WDT,65-xx_WDT,48.583456628956917,1.0114393957660177e-10
POS,50-64_WDT,65-xx_WDT,13.417578411122349,0.00034795253510086927
POS,MALE_WRB,FEMALE_WRB,3.1638922855084757,0.07736449944058689
POS,18-24_WRB,25-34_WRB,71.553910216973264,2.5707824569549769e-14
POS,18-24_WRB,35-49_WRB,54.063924122459916,1.2823053778260706e-11
POS,18-24_WRB,50-64_WRB,13.961000016191459,0.00026711274536322845
POS,18-24_WRB,65-xx_WRB,0.11232545278819868,0.73799307385809665
POS,25-34_WRB,35-49_WRB,0.36429888674654753,0.5470649685351594
POS,25-34_WRB,50-64_WRB,18.447011151103748,3.1708737801298994e-05
POS,25-34_WRB,65-xx_WRB,63.033340618870831,4.9523600708805294e-13
POS,35-49_WRB,50-64_WRB,12.509613741260756,0.00054305096835206639
POS,35-49_WRB,65-xx_WRB,47.691003635116473,1.4241609217976083e-10
POS,50-64_WRB,65-xx_WRB,11.072015732024022,0.0011090657531394315
POS,MALE_PDT,FEMALE_PDT,0.27491021393091475,0.60085193675249449
POS,18-24_PDT,25-34_PDT,6.7250286814959628,0.010474574118434493
POS,18-24_PDT,35-49_PDT,2.2680622201311564,0.13422544424661612
POS,18-24_PDT,50-64_PDT,0.078434600084556633,0.7798265181880748
POS,18-24_PDT,65-xx_PDT,1.0,0.31896500045819554
POS,25-34_PDT,35-49_PDT,0.27908273838338948,0.59810512881725098
POS,25-34_PDT,50-64_PDT,7.8559541237568942,0.0057537842805964277
POS,25-34_PDT,65-xx_PDT,9.2924416169958679,0.002732403278796881
POS,35-49_PDT,50-64_PDT,2.3965307595143979,0.12376958482966152
POS,35-49_PDT,65-xx_PDT,2.6535194137522091,0.10547675283079735
POS,50-64_PDT,65-xx_PDT,3.9024036511349265,0.050102529044011732
POS,MALE_JJS,FEMALE_JJS,2.3296253394516468,0.12909584933621035
POS,18-24_JJS,25-34_JJS,34.722418947921902,2.5207285969195477e-08
POS,18-24_JJS,35-49_JJS,40.318558446064245,2.5728035101481561e-09
POS,18-24_JJS,50-64_JJS,8.8276492374906059,0.0034706169300082941
POS,18-24_JJS,65-xx_JJS,0.0010916144842032507,0.97368814251048963
POS,25-34_JJS,35-49_JJS,0.00035204986061233449,0.98505579403138055
POS,25-34_JJS,50-64_JJS,10.511876585867466,0.0014697262659393556
POS,25-34_JJS,65-xx_JJS,32.270863194947637,7.0250134137435576e-08
POS,35-49_JJS,50-64_JJS,11.632275655331412,0.00083846264993764309
POS,35-49_JJS,65-xx_JJS,37.05581122092746,9.6418072228111955e-09
POS,50-64_JJS,65-xx_JJS,7.6460605227113145,0.0064245091741766385
POS,MALE_JJR,FEMALE_JJR,5.9226944179332444,0.016154913813999285
POS,18-24_JJR,25-34_JJR,41.270237852727782,1.7585057651986369e-09
POS,18-24_JJR,35-49_JJR,27.136710178626206,6.3417779979904931e-07
POS,18-24_JJR,50-64_JJR,6.9018916676636666,0.0095297348706147346
POS,18-24_JJR,65-xx_JJR,0.30947360704101068,0.57885500165911141
POS,25-34_JJR,35-49_JJR,0.22426817271698291,0.63651420581357943
POS,25-34_JJR,50-64_JJR,15.848890339228445,0.00010778201259008934
POS,25-34_JJR,65-xx_JJR,45.855661148129919,2.8942034828477465e-10
POS,35-49_JJR,50-64_JJR,9.8749058607847005,0.0020293481318481342
POS,35-49_JJR,65-xx_JJR,30.148770523497344,1.7284516194808375e-07
POS,50-64_JJR,65-xx_JJR,9.2996460003741763,0.0027223279205345215
POS,MALE_RP,FEMALE_RP,0.73313737703119197,0.39327123666953367
POS,18-24_RP,25-34_RP,53.585335150582011,1.5320340365699913e-11
POS,18-24_RP,35-49_RP,33.888126973597842,3.5664030563928891e-08
POS,18-24_RP,50-64_RP,8.4906538923367041,0.0041320454210808984
POS,18-24_RP,65-xx_RP,0.44055616117041213,0.50790090326576287
POS,25-34_RP,35-49_RP,0.024554804740134425,0.87569798114951036
POS,25-34_RP,50-64_RP,16.6996473348518,7.1978368052931225e-05
POS,25-34_RP,65-xx_RP,61.936827831434769,7.3132704216567971e-13
POS,35-49_RP,50-64_RP,11.203768442546995,0.0010382880808783334
POS,35-49_RP,65-xx_RP,38.74917636877111,4.8414887189820079e-09
POS,50-64_RP,65-xx_RP,11.93027101920827,0.00072310025940853346
POS,MALE_-NONE-,FEMALE_-NONE-,1.5632221700353746,0.21319427235331079
POS,18-24_-NONE-,25-34_-NONE-,3.9911912901615474,0.047596379830817409
POS,18-24_-NONE-,35-49_-NONE-,10.099801719129205,0.00181029808465353
POS,18-24_-NONE-,50-64_-NONE-,4.4105097026796649,0.037437780558610342
POS,18-24_-NONE-,65-xx_-NONE-,0.95901516190389458,0.3290550595047611
POS,25-34_-NONE-,35-49_-NONE-,0.33886346333624245,0.56138381336535081
POS,25-34_-NONE-,50-64_-NONE-,1.8462879018860225,0.17631125251150082
POS,25-34_-NONE-,65-xx_-NONE-,0.49192127444041206,0.48418795545257964
POS,35-49_-NONE-,50-64_-NONE-,2.3195686876029624,0.12991849626351251
POS,35-49_-NONE-,65-xx_-NONE-,0.11091168614108583,0.73958632383146128
POS,50-64_-NONE-,65-xx_-NONE-,0.15010554718459113,0.69899872975887023
POS,MALE_RBR,FEMALE_RBR,8.32801004900187,0.0044964592177153973
POS,18-24_RBR,25-34_RBR,21.685327930530658,7.1595405872912139e-06
POS,18-24_RBR,35-49_RBR,37.729445530598028,7.3244489265692149e-09
POS,18-24_RBR,50-64_RBR,6.6049897052309738,0.011170805935675543
POS,18-24_RBR,65-xx_RBR,0.44107553806828198,0.50765127825414247
POS,25-34_RBR,35-49_RBR,3.4921225977349728,0.063665032156688756
POS,25-34_RBR,50-64_RBR,4.0469753066944198,0.046090457811087324
POS,25-34_RBR,65-xx_RBR,26.722186845853461,7.600094072872103e-07
POS,35-49_RBR,50-64_RBR,14.021891237662567,0.00025933901499169406
POS,35-49_RBR,65-xx_RBR,43.238645052679729,8.0579517351372649e-10
POS,50-64_RBR,65-xx_RBR,9.5315046463352004,0.0024176576660239592
POS,MALE_LS,FEMALE_LS,0.043200116954554585,0.83563856608880449
POS,18-24_LS,25-34_LS,1.3041687993691558,0.25532260502137211
POS,18-24_LS,35-49_LS,0.19372500453613414,0.66048514900875155
POS,18-24_LS,50-64_LS,1.7811627087727409,0.18408422832681945
POS,18-24_LS,65-xx_LS,0.46270270454116791,0.49744078413510628
POS,25-34_LS,35-49_LS,0.9596546827795418,0.32889437338850525
POS,25-34_LS,50-64_LS,0.0077514555634098569,0.92996366134443775
POS,25-34_LS,65-xx_LS,1.8878554494363398,0.1715497404133389
POS,35-49_LS,50-64_LS,1.2682537781688676,0.2619422263368088
POS,35-49_LS,65-xx_LS,1.7060616273841256,0.1935512217848919
POS,50-64_LS,65-xx_LS,2.7850250563156478,0.097292246741107105
POS,MALE_WP$,FEMALE_WP$,0.23253728893721842,0.63037095864554071
POS,18-24_WP$,25-34_WP$,2.4612035543195465,0.11885412074652545
POS,18-24_WP$,35-49_WP$,5.3774780967801226,0.021785774398518878
POS,18-24_WP$,50-64_WP$,5.0487431060849426,0.026143690977926272
POS,18-24_WP$,65-xx_WP$,2.026987187817948,0.15666027454184348
POS,25-34_WP$,35-49_WP$,0.13666290700042871,0.7121569951113087
POS,25-34_WP$,50-64_WP$,0.64264722670605279,0.42405662688649737
POS,25-34_WP$,65-xx_WP$,2.1694162860886017,0.14293224314073458
POS,35-49_WP$,50-64_WP$,0.52259245412388877,0.47089437138469326
POS,35-49_WP$,65-xx_WP$,4.4720862408468953,0.036151580239787026
POS,50-64_WP$,65-xx_WP$,3.6909284153342301,0.056657880319077814
POS,MALE_FW,FEMALE_FW,1.1175507203990915,0.29219248613600346
POS,18-24_FW,25-34_FW,4.1331193440946228,0.043863803165787571
POS,18-24_FW,35-49_FW,7.3153991433746857,0.007649597443816436
POS,18-24_FW,50-64_FW,3.372969621732897,0.068307963526105034
POS,18-24_FW,65-xx_FW,0.99999999999999978,0.31896500045819554
POS,25-34_FW,35-49_FW,0.027895724264761203,0.86758531167574471
POS,25-34_FW,50-64_FW,0.27632630003921893,0.59991674718039234
POS,25-34_FW,65-xx_FW,3.6154872714683082,0.059214075231372051
POS,35-49_FW,50-64_FW,0.60950232323901821,0.43623923224320849
POS,35-49_FW,65-xx_FW,6.4362938136294545,0.012231463374990611
POS,50-64_FW,65-xx_FW,2.7494262342691416,0.099436335558659522
POS,MALE_UH,FEMALE_UH,0.017637605115498525,0.8945291634641821
POS,18-24_UH,25-34_UH,1.5137019948909449,0.2205536934653842
POS,18-24_UH,35-49_UH,1.2371716146116325,0.26784496698608962
POS,18-24_UH,50-64_UH,nan,nan
POS,18-24_UH,65-xx_UH,nan,nan
POS,25-34_UH,35-49_UH,0.30576947683490246,0.58113356330787214
POS,25-34_UH,50-64_UH,1.5137019948909449,0.2205536934653842
POS,25-34_UH,65-xx_UH,1.5137019948909449,0.2205536934653842
POS,35-49_UH,50-64_UH,1.2371716146116325,0.26784496698608962
POS,35-49_UH,65-xx_UH,1.2371716146116325,0.26784496698608962
POS,50-64_UH,65-xx_UH,nan,nan
POS,MALE_-LRB-,FEMALE_-LRB-,1.0,0.31896500045819554
POS,18-24_-LRB-,25-34_-LRB-,1.0,0.31896500045819554
POS,18-24_-LRB-,35-49_-LRB-,nan,nan
POS,18-24_-LRB-,50-64_-LRB-,nan,nan
POS,18-24_-LRB-,65-xx_-LRB-,nan,nan
POS,25-34_-LRB-,35-49_-LRB-,1.0,0.31896500045819554
POS,25-34_-LRB-,50-64_-LRB-,1.0,0.31896500045819554
POS,25-34_-LRB-,65-xx_-LRB-,1.0,0.31896500045819554
POS,35-49_-LRB-,50-64_-LRB-,nan,nan
POS,35-49_-LRB-,65-xx_-LRB-,nan,nan
POS,50-64_-LRB-,65-xx_-LRB-,nan,nan



Punctuation,MALE_!,FEMALE_!,2.0736457749640449,0.15200374501417957
Punctuation,18-24_!,25-34_!,18.04764501484296,3.8201205573702743e-05
Punctuation,18-24_!,35-49_!,11.386236395068478,0.00094782745191005261
Punctuation,18-24_!,50-64_!,1.105018879885842,0.29490409511076743
Punctuation,18-24_!,65-xx_!,0.27356574079637169,0.60174268193965919
Punctuation,25-34_!,35-49_!,4.5165891801207367,0.035251172363934588
Punctuation,25-34_!,50-64_!,16.120185037252348,9.4729158434991127e-05
Punctuation,25-34_!,65-xx_!,15.147531803325407,0.00015070892226435776
Punctuation,35-49_!,50-64_!,8.7778059567310489,0.0035611244584947501
Punctuation,35-49_!,65-xx_!,7.1802595808764034,0.0082176651441602418
Punctuation,50-64_!,65-xx_!,0.016766818269737613,0.89715072795962547
Punctuation,"MALE_""","FEMALE_""",5.6034879814487022,0.019236448119486677
Punctuation,"18-24_""","25-34_""",13.696259351124965,0.00030377676166553296
Punctuation,"18-24_""","35-49_""",6.202273437275414,0.013879113175179113
Punctuation,"18-24_""","50-64_""",10.399534949553308,0.0015554813659162906
Punctuation,"18-24_""","65-xx_""",0.21797130390072328,0.64128600639669497
Punctuation,"25-34_""","35-49_""",0.7572341004889821,0.38562395489228796
Punctuation,"25-34_""","50-64_""",0.30872367301436732,0.57931486926884856
Punctuation,"25-34_""","65-xx_""",12.000168684778723,0.00069847626843861569
Punctuation,"35-49_""","50-64_""",1.3749276073271679,0.24287671117130438
Punctuation,"35-49_""","65-xx_""",5.8408370281095383,0.016892448384663597
Punctuation,"50-64_""","65-xx_""",8.8387687915830142,0.0034507506001385671
Punctuation,MALE_#,FEMALE_#,0.048893830615597059,0.82530833613534049
Punctuation,18-24_#,25-34_#,29.526707994690657,2.2558721574963422e-07
Punctuation,18-24_#,35-49_#,21.929921397346245,6.40823482527548e-06
Punctuation,18-24_#,50-64_#,4.4194781936094349,0.037247472093517482
Punctuation,18-24_#,65-xx_#,1.0090282019652359,0.3167976833729354
Punctuation,25-34_#,35-49_#,5.3357143246512173,0.022294365081525418
Punctuation,25-34_#,50-64_#,14.195232393735452,0.0002384495360097424
Punctuation,25-34_#,65-xx_#,33.076160690706317,5.0080229264270209e-08
Punctuation,35-49_#,50-64_#,4.1738810719678954,0.042850352541263556
Punctuation,35-49_#,65-xx_#,28.204235886077964,3.9884421704041008e-07
Punctuation,50-64_#,65-xx_#,6.8336771562035068,0.009883221381502081
Punctuation,MALE_$,FEMALE_$,0.010349973195076656,0.91910675124154129
Punctuation,18-24_$,25-34_$,2.0256178908001417,0.15679937813485509
Punctuation,18-24_$,35-49_$,0.59582210502013355,0.44142414618234982
Punctuation,18-24_$,50-64_$,1.2887288576893574,0.25814255646026346
Punctuation,18-24_$,65-xx_$,0.0011524546937409967,0.97296512531789003
Punctuation,25-34_$,35-49_$,1.5489065916199598,0.21529106536191908
Punctuation,25-34_$,50-64_$,0.27096791547170407,0.60347173765865736
Punctuation,25-34_$,65-xx_$,1.9736984910931212,0.16217989745115186
Punctuation,35-49_$,50-64_$,0.77535509211123954,0.38001265936729733
Punctuation,35-49_$,65-xx_$,0.42080704926859969,0.51755365483589355
Punctuation,50-64_$,65-xx_$,1.2261872846304942,0.26997083110442904
Punctuation,MALE_%,FEMALE_%,1.039396221149671,0.30964834542271907
Punctuation,18-24_%,25-34_%,1.0182212440900671,0.31461071909218891
Punctuation,18-24_%,35-49_%,2.4377402154383687,0.12061175841568447
Punctuation,18-24_%,50-64_%,3.7451006096238855,0.054895491507487917
Punctuation,18-24_%,65-xx_%,0.68855881478173742,0.40800973148719932
Punctuation,25-34_%,35-49_%,0.98406841360374775,0.32283766329956409
Punctuation,25-34_%,50-64_%,0.9813037805611301,0.32351603449964805
Punctuation,25-34_%,65-xx_%,1.0129006763317003,0.31587401214021082
Punctuation,35-49_%,50-64_%,0.0095136569436029446,0.92243295015512139
Punctuation,35-49_%,65-xx_%,1.6137410626453141,0.20598738556644652
Punctuation,50-64_%,65-xx_%,2.4926927859956627,0.11654005188702808
Punctuation,MALE_&,FEMALE_&,0.33702188786521076,0.56244828566254035
Punctuation,18-24_&,25-34_&,26.793195809596352,7.3677882092751232e-07
Punctuation,18-24_&,35-49_&,22.017440345431339,6.159319982709055e-06
Punctuation,18-24_&,50-64_&,3.7186720416063896,0.055747836530362076
Punctuation,18-24_&,65-xx_&,2.0385647755160412,0.15548977337464157
Punctuation,25-34_&,35-49_&,3.6553858236555312,0.057847101091637543
Punctuation,25-34_&,50-64_&,13.751097591951611,0.00029578174311799136
Punctuation,25-34_&,65-xx_&,31.281610096071663,1.0672108987619862e-07
Punctuation,35-49_&,50-64_&,5.7970822415118661,0.017301006916603568
Punctuation,35-49_&,65-xx_&,29.669629369981237,2.1217753112540294e-07
Punctuation,50-64_&,65-xx_&,7.0311752060956154,0.0088952879709656169
Punctuation,MALE_',FEMALE_',0.8588842302327272,0.3555805760106715
Punctuation,18-24_',25-34_',13.234604020287593,0.00038047677629949868
Punctuation,18-24_',35-49_',11.598291398914105,0.00085276451471701434
Punctuation,18-24_',50-64_',4.9529461423717356,0.027579207613024986
Punctuation,18-24_',65-xx_',0.067732375128395902,0.79503418974514217
Punctuation,25-34_',35-49_',0.71594214014509239,0.39886286780838298
Punctuation,25-34_',50-64_',3.4421417430806236,0.06556975165120224
Punctuation,25-34_',65-xx_',11.038551746710695,0.001127817293888407
Punctuation,35-49_',50-64_',5.0057574845532189,0.02677786120206677
Punctuation,35-49_',65-xx_',10.43743819519166,0.0015259890605599732
Punctuation,50-64_',65-xx_',3.3628617729484191,0.068718325596581795
Punctuation,MALE_(,FEMALE_(,19.173463657319967,2.2631709431589582e-05
Punctuation,18-24_(,25-34_(,15.787736930394423,0.00011096932314406111
Punctuation,18-24_(,35-49_(,22.123814778305871,5.8699680396716678e-06
Punctuation,18-24_(,50-64_(,6.4227290830774058,0.012321175027584088
Punctuation,18-24_(,65-xx_(,0.097421784905716721,0.75539112612842252
Punctuation,25-34_(,35-49_(,0.47717463516838193,0.49080166663570424
Punctuation,25-34_(,50-64_(,3.4097356413768383,0.06683750991502567
Punctuation,25-34_(,65-xx_(,13.479700558403133,0.00033756778126486486
Punctuation,35-49_(,50-64_(,2.246354389041854,0.13608870894410252
Punctuation,35-49_(,65-xx_(,16.887342596221984,6.5871596547169796e-05
Punctuation,50-64_(,65-xx_(,4.6311132431151298,0.033041358676319868
Punctuation,MALE_),FEMALE_),17.088929751404688,5.9898510363146365e-05
Punctuation,18-24_),25-34_),15.979511332996017,0.00010128291657587109
Punctuation,18-24_),35-49_),17.524026486927614,4.8816138452957969e-05
Punctuation,18-24_),50-64_),6.7784083390677434,0.010179583741353975
Punctuation,18-24_),65-xx_),0.014037480065977026,0.90585029674635775
Punctuation,25-34_),35-49_),0.5031765638675656,0.47923894257126531
Punctuation,25-34_),50-64_),3.2009624052549586,0.07566817400198686
Punctuation,25-34_),65-xx_),14.713458537456283,0.00018566680171956624
Punctuation,35-49_),50-64_),1.6756059830070025,0.19755294311589305
Punctuation,35-49_),65-xx_),15.398035857137438,0.00013366796552421984
Punctuation,50-64_),65-xx_),5.7830762573870427,0.01743395586781625
Punctuation,MALE_*,FEMALE_*,1.3829244909398704,0.24151760998911601
Punctuation,18-24_*,25-34_*,1.2820920982896598,0.25936660102788711
Punctuation,18-24_*,35-49_*,1.4603589028254227,0.22882664811624184
Punctuation,18-24_*,50-64_*,1.6369871634955846,0.20276889554015817
Punctuation,18-24_*,65-xx_*,0.98184494561236924,0.32338309725089964
Punctuation,25-34_*,35-49_*,0.36218975738826176,0.54822602055347813
Punctuation,25-34_*,50-64_*,1.2045731918388618,0.27421637215830358
Punctuation,25-34_*,65-xx_*,0.0069102592927739086,0.9338636507957232
Punctuation,35-49_*,50-64_*,1.2552318407597371,0.26439515344741904
Punctuation,35-49_*,65-xx_*,0.23231228336507995,0.63053632334339016
Punctuation,50-64_*,65-xx_*,0.91572784733206158,0.34018108703638228
Punctuation,MALE_+,FEMALE_+,3.2908696084606661,0.071719373207817114
Punctuation,18-24_+,25-34_+,3.2825008250493011,0.072077334581131636
Punctuation,18-24_+,35-49_+,2.742791669827136,0.099841659870290311
Punctuation,18-24_+,50-64_+,3.4038629571856358,0.067070074381697875
Punctuation,18-24_+,65-xx_+,1.3507732269991886,0.24703931351021766
Punctuation,25-34_+,35-49_+,1.4064028588417277,0.23758088562125954
Punctuation,25-34_+,50-64_+,2.3085915279889271,0.13082318317039102
Punctuation,25-34_+,65-xx_+,3.4478451797507885,0.065349325416235324
Punctuation,35-49_+,50-64_+,0.59795036179918515,0.44061129507110852
Punctuation,35-49_+,65-xx_+,3.2236815264669247,0.074648542837012888
Punctuation,50-64_+,65-xx_+,4.8318226089591416,0.029513936196244112
Punctuation,"MALE_,","FEMALE_,",9.8091641182872742,0.0020983885133645571
Punctuation,"18-24_,","25-34_,",89.762780142397546,6.7783650743225706e-17
Punctuation,"18-24_,","35-49_,",67.260451087055401,1.1239463441232403e-13
Punctuation,"18-24_,","50-64_,",15.004946257448234,0.00016138241279456696
Punctuation,"18-24_,","65-xx_,",0.093331133254152154,0.76041940296997568
Punctuation,"25-34_,","35-49_,",1.0397266477613396,0.30957172621580892
Punctuation,"25-34_,","50-64_,",5.9689831853657527,0.015752793572233376
Punctuation,"25-34_,","65-xx_,",63.462648286431715,4.2538432241245563e-13
Punctuation,"35-49_,","50-64_,",8.9652156915597878,0.0032328992114279572
Punctuation,"35-49_,","65-xx_,",54.13996167971343,1.2466136859028438e-11
Punctuation,"50-64_,","65-xx_,",11.676386114171226,0.00082026461415282616
Punctuation,MALE_-,FEMALE_-,5.4548326728468055,0.020875604820166694
Punctuation,18-24_-,25-34_-,12.080134426036896,0.0006713548069568351
Punctuation,18-24_-,35-49_-,21.490707889251414,7.8209543826915347e-06
Punctuation,18-24_-,50-64_-,4.5523974600684758,0.034543908452620141
Punctuation,18-24_-,65-xx_-,0.44333820240162569,0.50656625584173631
Punctuation,25-34_-,35-49_-,0.058709347643661994,0.80888765180256605
Punctuation,25-34_-,50-64_-,4.6174185915345882,0.033297720802318458
Punctuation,25-34_-,65-xx_-,15.083590852312225,0.0001554033313078452
Punctuation,35-49_-,50-64_-,6.8468814840374321,0.0098137506710434825
Punctuation,35-49_-,65-xx_-,29.421571521915617,2.3599859504124509e-07
Punctuation,50-64_-,65-xx_-,8.5297740731921294,0.0040490247271083267
Punctuation,MALE_.,FEMALE_.,9.1118118158401966,0.0029979480980967033
Punctuation,18-24_.,25-34_.,62.979749684939321,5.0473669312813187e-13
Punctuation,18-24_.,35-49_.,68.35263991669143,7.700178468298038e-14
Punctuation,18-24_.,50-64_.,11.555731214816431,0.00087102827384200466
Punctuation,18-24_.,65-xx_.,0.32551449800934551,0.56918936392124531
Punctuation,25-34_.,35-49_.,0.030092616489333309,0.86252052888529884
Punctuation,25-34_.,50-64_.,17.780723940063378,4.3281257728921661e-05
Punctuation,25-34_.,65-xx_.,69.191501529810296,5.7669066610408577e-14
Punctuation,35-49_.,50-64_.,19.748430098822883,1.735471855784928e-05
Punctuation,35-49_.,65-xx_.,75.011418755435699,8.0095980061488333e-15
Punctuation,50-64_.,65-xx_.,14.38853141795328,0.00021717024081948166
Punctuation,MALE_/,FEMALE_/,10.272056748065753,0.0016590318386987071
Punctuation,18-24_/,25-34_/,9.261633461353437,0.0027759229279040857
Punctuation,18-24_/,35-49_/,4.7998233075318568,0.030048581474196527
Punctuation,18-24_/,50-64_/,2.8574708293196807,0.093084306542011219
Punctuation,18-24_/,65-xx_/,0.07286608791262944,0.78758974170016638
Punctuation,25-34_/,35-49_/,1.8536526809143461,0.17545654380476305
Punctuation,25-34_/,50-64_/,5.8922545518627842,0.016425173826232913
Punctuation,25-34_/,65-xx_/,9.5815688617547519,0.0023566051145278719
Punctuation,35-49_/,50-64_/,1.6301178651732653,0.20371370708091391
Punctuation,35-49_/,65-xx_/,5.1457902236249238,0.024769279901098278
Punctuation,50-64_/,65-xx_/,3.3385891805379435,0.069714679703269847
Punctuation,MALE_:,FEMALE_:,10.176228285023859,0.0017415101040606238
Punctuation,18-24_:,25-34_:,32.584903204482124,6.1551567693025058e-08
Punctuation,18-24_:,35-49_:,24.313676826109447,2.1985172735434806e-06
Punctuation,18-24_:,50-64_:,6.2800184092308413,0.013307538978248871
Punctuation,18-24_:,65-xx_:,0.68489054508482972,0.40925840020453164
Punctuation,25-34_:,35-49_:,1.0253555659905467,0.31292719307341743
Punctuation,25-34_:,50-64_:,4.9333649532034318,0.027882704383846352
Punctuation,25-34_:,65-xx_:,37.632515214987372,7.6194417597297281e-09
Punctuation,35-49_:,50-64_:,7.3422980872173129,0.0075414620203062936
Punctuation,35-49_:,65-xx_:,26.742767126558697,7.5320100069028343e-07
Punctuation,50-64_:,65-xx_:,8.075052681765893,0.0051303720045930068
Punctuation,MALE_;,FEMALE_;,0.72291999263507856,0.39657995406177382
Punctuation,18-24_;,25-34_;,27.752678987195523,4.8508465760774789e-07
Punctuation,18-24_;,35-49_;,23.944683313330128,2.5912703592248684e-06
Punctuation,18-24_;,50-64_;,6.6061079460833394,0.011164103026576978
Punctuation,18-24_;,65-xx_;,1.1315056993920174,0.28921056426995101
Punctuation,25-34_;,35-49_;,3.8624167884998584,0.051276901798760502
Punctuation,25-34_;,50-64_;,12.642594039483825,0.00050863781918015257
Punctuation,25-34_;,65-xx_;,30.837648809367327,1.2886399036731197e-07
Punctuation,35-49_;,50-64_;,4.6660353646773576,0.032397009845648965
Punctuation,35-49_;,65-xx_;,29.58872794291408,2.1966552056320566e-07
Punctuation,50-64_;,65-xx_;,9.7715964544532916,0.0021389193964434644
Punctuation,MALE_<,FEMALE_<,1.0,0.31896500045819554
Punctuation,18-24_<,25-34_<,nan,nan
Punctuation,18-24_<,35-49_<,nan,nan
Punctuation,18-24_<,50-64_<,1.0,0.31896500045819554
Punctuation,18-24_<,65-xx_<,nan,nan
Punctuation,25-34_<,35-49_<,nan,nan
Punctuation,25-34_<,50-64_<,1.0,0.31896500045819554
Punctuation,25-34_<,65-xx_<,nan,nan
Punctuation,35-49_<,50-64_<,1.0,0.31896500045819554
Punctuation,35-49_<,65-xx_<,nan,nan
Punctuation,50-64_<,65-xx_<,1.0,0.31896500045819554
Punctuation,MALE_=,FEMALE_=,2.7862159630621717,0.097221405279971002
Punctuation,18-24_=,25-34_=,1.4621269246111919,0.22854649023262588
Punctuation,18-24_=,35-49_=,1.1367133738122528,0.28810779178196388
Punctuation,18-24_=,50-64_=,2.0068590110883209,0.15871938775473454
Punctuation,18-24_=,65-xx_=,1.0939001063908627,0.29733718076785159
Punctuation,25-34_=,35-49_=,0.30044029148554396,0.58444362011870266
Punctuation,25-34_=,50-64_=,0.81995937791647489,0.36668394409434524
Punctuation,25-34_=,65-xx_=,1.551212764184146,0.21495161688358758
Punctuation,35-49_=,50-64_=,0.26216298310928693,0.6094116638244107
Punctuation,35-49_=,65-xx_=,1.2837501331771304,0.25906012644664878
Punctuation,50-64_=,65-xx_=,2.5957740584665121,0.10930887586164575
Punctuation,MALE_>,FEMALE_>,1.5524149752094956,0.21477491645260349
Punctuation,18-24_>,25-34_>,1.5214209984005906,0.21938667799952385
Punctuation,18-24_>,35-49_>,2.3850126326919296,0.12466868663129262
Punctuation,18-24_>,50-64_>,1.0,0.31896500045819554
Punctuation,18-24_>,65-xx_>,nan,nan
Punctuation,25-34_>,35-49_>,1.2510709640905366,0.26518498919888295
Punctuation,25-34_>,50-64_>,1.488944221295337,0.22434759588064027
Punctuation,25-34_>,65-xx_>,1.5214209984005906,0.21938667799952385
Punctuation,35-49_>,50-64_>,1.7996121984287412,0.18184229825937279
Punctuation,35-49_>,65-xx_>,2.3850126326919296,0.12466868663129262
Punctuation,50-64_>,65-xx_>,1.0,0.31896500045819554
Punctuation,MALE_?,FEMALE_?,1.0720152936902556,0.30220256430369979
Punctuation,18-24_?,25-34_?,38.723017678125167,4.8930242626029741e-09
Punctuation,18-24_?,35-49_?,26.325263250857741,9.0427919595447875e-07
Punctuation,18-24_?,50-64_?,9.1517618456958338,0.0029370167965561697
Punctuation,18-24_?,65-xx_?,0.097011874602840789,0.7558897084745545
Punctuation,25-34_?,35-49_?,0.00086448996807523713,0.97658396316396601
Punctuation,25-34_?,50-64_?,7.0890904065574532,0.0086254249574361317
Punctuation,25-34_?,65-xx_?,41.475813357451365,1.6201901294428158e-09
Punctuation,35-49_?,50-64_?,5.4551940908897949,0.020871447009668819
Punctuation,35-49_?,65-xx_?,27.885147924420842,4.5798422611341555e-07
Punctuation,50-64_?,65-xx_?,10.278983943127452,0.0016532272430668999
Punctuation,MALE_@,FEMALE_@,0.13793903354465989,0.71087696550691171
Punctuation,18-24_@,25-34_@,2.006607572053007,0.15874530572018247
Punctuation,18-24_@,35-49_@,1.6077791735908422,0.20682259635739544
Punctuation,18-24_@,50-64_@,2.7860968580515215,0.097228487722026607
Punctuation,18-24_@,65-xx_@,0.80809403435542149,0.3701645307910052
Punctuation,25-34_@,35-49_@,1.7002153309360928,0.19431192102971451
Punctuation,25-34_@,50-64_@,1.8434023267196415,0.17664745362449205
Punctuation,25-34_@,65-xx_@,1.8481028951858498,0.17610016729772543
Punctuation,35-49_@,50-64_@,0.29701107160228535,0.58659383884717187
Punctuation,35-49_@,65-xx_@,0.26156349005295182,0.60982065348076442
Punctuation,50-64_@,65-xx_@,0.0024193252217225665,0.96083778454915103
Punctuation,MALE_[,FEMALE_[,3.7865146135532788,0.053587812093661237
Punctuation,18-24_[,25-34_[,33.262218655863428,4.6324948130062461e-08
Punctuation,18-24_[,35-49_[,15.064761825887063,0.00015681394758714699
Punctuation,18-24_[,50-64_[,6.5909266165283578,0.011255459901700349
Punctuation,18-24_[,65-xx_[,0.80953421115418545,0.36973960680938533
Punctuation,25-34_[,35-49_[,3.2304605912561861,0.074347195383086762
Punctuation,25-34_[,50-64_[,12.604840616640244,0.0005181748599007701
Punctuation,25-34_[,65-xx_[,37.665340388820738,7.5182166541963454e-09
Punctuation,35-49_[,50-64_[,2.7802132284739476,0.097579059228109694
Punctuation,35-49_[,65-xx_[,18.181770635830549,3.5882044936930838e-05
Punctuation,50-64_[,65-xx_[,9.4977839205808916,0.002459693328019832
Punctuation,MALE_\,FEMALE_\,nan,nan
Punctuation,18-24_\,25-34_\,nan,nan
Punctuation,18-24_\,35-49_\,nan,nan
Punctuation,18-24_\,50-64_\,nan,nan
Punctuation,18-24_\,65-xx_\,nan,nan
Punctuation,25-34_\,35-49_\,nan,nan
Punctuation,25-34_\,50-64_\,nan,nan
Punctuation,25-34_\,65-xx_\,nan,nan
Punctuation,35-49_\,50-64_\,nan,nan
Punctuation,35-49_\,65-xx_\,nan,nan
Punctuation,50-64_\,65-xx_\,nan,nan
Punctuation,MALE_],FEMALE_],3.7771057517584969,0.053881947440746536
Punctuation,18-24_],25-34_],33.298348469971046,4.5629544619445735e-08
Punctuation,18-24_],35-49_],15.064761825887063,0.00015681394758714699
Punctuation,18-24_],50-64_],6.5909266165283578,0.011255459901700349
Punctuation,18-24_],65-xx_],0.80953421115418545,0.36973960680938533
Punctuation,25-34_],35-49_],3.2392159954156301,0.073959945978891911
Punctuation,25-34_],50-64_],12.624263989607446,0.0005132456293802819
Punctuation,25-34_],65-xx_],37.704678649990569,7.3987026057381826e-09
Punctuation,35-49_],50-64_],2.7802132284739476,0.097579059228109694
Punctuation,35-49_],65-xx_],18.181770635830549,3.5882044936930838e-05
Punctuation,50-64_],65-xx_],9.4977839205808916,0.002459693328019832
Punctuation,MALE_^,FEMALE_^,0.72131662106824246,0.39710283844623073
Punctuation,18-24_^,25-34_^,1.0822456459288183,0.2999154285116471
Punctuation,18-24_^,35-49_^,1.0000000000000002,0.31896500045819554
Punctuation,18-24_^,50-64_^,1.2738686117289879,0.26089334703992911
Punctuation,18-24_^,65-xx_^,1.0000000000000002,0.31896500045819554
Punctuation,25-34_^,35-49_^,1.111084313583989,0.29358764177632551
Punctuation,25-34_^,50-64_^,0.73448219224341993,0.39283871982887786
Punctuation,25-34_^,65-xx_^,1.111084313583989,0.29358764177632551
Punctuation,35-49_^,50-64_^,1.4944932171493985,0.22349045643809146
Punctuation,35-49_^,65-xx_^,nan,nan
Punctuation,50-64_^,65-xx_^,1.4944932171493985,0.22349045643809146
Punctuation,MALE__,FEMALE__,1.4652283836819486,0.22805604236643223
Punctuation,18-24__,25-34__,2.4888148114594917,0.11682230208069198
Punctuation,18-24__,35-49__,1.1749383070651143,0.2801756315827883
Punctuation,18-24__,50-64__,1.5943528390218922,0.20871833795010833
Punctuation,18-24__,65-xx__,0.84315605482848099,0.36001014032214029
Punctuation,25-34__,35-49__,1.9110459662001611,0.16895817307682753
Punctuation,25-34__,50-64__,2.2995497689028892,0.13157369316092465
Punctuation,25-34__,65-xx__,2.5251673843089781,0.11420606850460689
Punctuation,35-49__,50-64__,0.48104079360183327,0.48905321866240892
Punctuation,35-49__,65-xx__,1.3371205283003849,0.24943102227262509
Punctuation,50-64__,65-xx__,2.3949840236230475,0.12388989904979607
Punctuation,MALE_`,FEMALE_`,0.033485814468049886,0.8550587152711685
Punctuation,18-24_`,25-34_`,nan,nan
Punctuation,18-24_`,35-49_`,1.5368558428447836,0.21707533022467362
Punctuation,18-24_`,50-64_`,1.7796547508245655,0.1842688961637656
Punctuation,18-24_`,65-xx_`,nan,nan
Punctuation,25-34_`,35-49_`,1.5368558428447836,0.21707533022467362
Punctuation,25-34_`,50-64_`,1.7796547508245655,0.1842688961637656
Punctuation,25-34_`,65-xx_`,nan,nan
Punctuation,35-49_`,50-64_`,0.072741744771732522,0.78776667005390388
Punctuation,35-49_`,65-xx_`,1.5368558428447836,0.21707533022467362
Punctuation,50-64_`,65-xx_`,1.7796547508245655,0.1842688961637656
Punctuation,MALE_{,FEMALE_{,0.27101989082012995,0.60343704078420535
Punctuation,18-24_{,25-34_{,2.7132572055124338,0.10166825866482833
Punctuation,18-24_{,35-49_{,1.0356147466383689,0.31052696401035212
Punctuation,18-24_{,50-64_{,2.3222098528168238,0.12970187594862148
Punctuation,18-24_{,65-xx_{,1.6683379489904988,0.19852232765436825
Punctuation,25-34_{,35-49_{,1.7614657520075596,0.18651353906811405
Punctuation,25-34_{,50-64_{,1.4505499163171649,0.23038855783552983
Punctuation,25-34_{,65-xx_{,2.9404735072719532,0.088507162260326455
Punctuation,35-49_{,50-64_{,0.11950039570387001,0.73007457748714599
Punctuation,35-49_{,65-xx_{,1.642956478113929,0.20195209213628174
Punctuation,50-64_{,65-xx_{,3.252883894637844,0.073359784773674996
Punctuation,MALE_|,FEMALE_|,0.95948838782728263,0.32893614658790682
Punctuation,18-24_|,25-34_|,0.47417141049374012,0.49216710224556182
Punctuation,18-24_|,35-49_|,0.82553011183714997,0.36506559618603807
Punctuation,18-24_|,50-64_|,0.18837009975824892,0.66491732810688875
Punctuation,18-24_|,65-xx_|,1.0861114191959067,0.29905702862672312
Punctuation,25-34_|,35-49_|,1.430636732084519,0.2335994341530491
Punctuation,25-34_|,50-64_|,0.93765717127032011,0.33448244175178332
Punctuation,25-34_|,65-xx_|,1.5855364787135817,0.20997444966878087
Punctuation,35-49_|,50-64_|,1.4753174324242946,0.22646941582023725
Punctuation,35-49_|,65-xx_|,2.5214543810512695,0.11447027086487954
Punctuation,50-64_|,65-xx_|,2.5817944983203511,0.11025964632027735
Punctuation,MALE_},FEMALE_},0.27561373208838058,0.60038694675733617
Punctuation,18-24_},25-34_},2.7125856490057338,0.10171021866044774
Punctuation,18-24_},35-49_},1.0356147466383689,0.31052696401035212
Punctuation,18-24_},50-64_},2.1037625084726166,0.14908215362072386
Punctuation,18-24_},65-xx_},1.6683379489904988,0.19852232765436825
Punctuation,25-34_},35-49_},1.760156053430505,0.18667639751897006
Punctuation,25-34_},50-64_},1.5679169552336285,0.21251196369290906
Punctuation,25-34_},65-xx_},2.9399755870987638,0.088533873157664422
Punctuation,35-49_},50-64_},0.054626001706855727,0.81552815588486283
Punctuation,35-49_},65-xx_},1.642956478113929,0.20195209213628174
Punctuation,50-64_},65-xx_},3.0659860265328476,0.082046868299558054
Punctuation,MALE_~,FEMALE_~,1.1644649204346422,0.28232099197689908
Punctuation,18-24_~,25-34_~,1.1860073627070753,0.27793072985122264
Punctuation,18-24_~,35-49_~,3.194317322318097,0.075969255293076882
Punctuation,18-24_~,50-64_~,nan,nan
Punctuation,18-24_~,65-xx_~,nan,nan
Punctuation,25-34_~,35-49_~,0.86959812859761998,0.35260614193707485
Punctuation,25-34_~,50-64_~,1.1860073627070753,0.27793072985122264
Punctuation,25-34_~,65-xx_~,1.1860073627070753,0.27793072985122264
Punctuation,35-49_~,50-64_~,3.194317322318097,0.075969255293076882
Punctuation,35-49_~,65-xx_~,3.194317322318097,0.075969255293076882
Punctuation,50-64_~,65-xx_~,nan,nan



