,Gender,Age,!,"""",#,$,%,&,',(,),*,+,",",-,0,/,:,;,<,=,>,?,@,[,\,],^,_,`,{,|,},~,Vocabulary
3673b860b3068ced30eae56ddf4aa88d,FEMALE,25-34,0,0,11,0,0,11,0,2,1,0,0,17,3,29,4,1,11,0,0,0,1,0,5,0,5,0,0,0,0,0,0,0,190
0ff365c959ec5aad4fd259e9084664ca,MALE,35-49,0,0,22,0,2,22,0,8,7,0,0,42,8,56,1,2,23,0,0,0,3,0,10,0,10,0,0,0,0,0,0,0,390
e51f0508ffb0e5ce259413320dea1466,FEMALE,25-34,42,96,2,1,5,25,68,39,52,6,3,478,166,484,39,64,35,0,1,0,36,0,0,0,0,0,2,0,2,0,2,0,2742
325a3910e81d6fdef13ebd10e62b6811,MALE,50-64,0,10,0,0,0,2,2,10,10,0,0,74,18,116,4,0,0,0,0,0,20,2,2,0,2,0,0,0,0,0,0,0,522
d24b9964ae7655c41a5ad61f9a8046f8,FEMALE,35-49,73,58,58,8,2,0,450,86,85,555,1,1136,297,1311,32,285,7,0,2,0,77,1,0,0,0,0,0,0,2,0,2,0,4018
ca9795912e9c0fd29c5b2c5b43165ddc,FEMALE,25-34,4,0,19,0,0,9,0,0,0,0,0,6,0,2,1,7,9,0,0,0,0,36,0,0,0,0,1,0,0,0,0,0,109
91ecc62e3cbf4dbe55f006dcb1dcf1ce,MALE,25-34,2,0,14,1,1,14,0,6,6,0,0,24,3,56,0,1,14,0,0,0,3,0,10,0,10,0,0,0,0,0,0,0,295
71bad84ba0121a58a28f3806b5c38d35,MALE,50-64,5,72,0,0,1,9,44,28,26,0,1,234,74,309,22,139,16,0,0,0,31,12,17,0,17,0,24,1,0,12,0,0,2137
4fb4d4012ab1400519a8aacc1fa5b437,MALE,18-24,6,13,7,20,4,32,32,48,71,2,1,159,185,260,34,52,25,0,10,0,5,1,3,0,3,1,2,0,3,3,3,0,1565
79ccd7fc8dafb588b483b27df2f34dc3,FEMALE,35-49,10,66,0,0,9,7,154,29,29,21,0,367,98,428,4,33,1,0,0,0,50,1,13,0,13,0,0,2,0,0,0,0,2765
6668a185a1dba76ba3b03f6f3d59f47b,FEMALE,25-34,20,0,41,1,1,41,0,2,2,0,3,17,3,47,0,1,42,0,0,0,0,0,11,0,11,0,0,0,0,0,0,0,406
802ae19a2e58af637ecd26a581c8e61f,MALE,50-64,15,243,0,4,2,28,232,324,304,16,46,790,330,1155,89,47,172,0,230,0,94,0,85,0,85,32,2,0,82,64,72,0,4557
7f8f9c613d650159608b025916e3dc5d,FEMALE,50-64,1,0,19,0,17,19,0,1,1,0,0,15,2,53,0,1,19,0,0,0,0,0,10,0,10,0,0,0,0,0,0,0,239
44196f9071e35afd7e747b118e978d81,FEMALE,25-34,31,40,0,0,0,0,80,1,1,2,0,226,34,290,0,8,0,0,0,0,44,0,0,0,0,0,0,0,0,0,0,0,2373
7f4e15c615e37f97f38fa5380ef5f327,FEMALE,50-64,4,0,26,0,0,26,0,2,2,0,0,44,7,17,0,0,27,0,0,0,5,0,10,0,10,0,0,0,0,0,0,0,352
cb3cc661832e991adc4194df9a4f5e9d,MALE,25-34,2,11,43,0,0,43,0,5,5,0,0,70,8,69,2,7,43,0,0,11,6,0,0,0,0,0,0,0,0,0,0,0,544
98aca1ff7d801140dcec5ca79627043f,FEMALE,25-34,2,0,7,0,0,7,0,0,0,0,0,31,11,48,0,0,7,0,0,0,7,0,11,0,11,0,0,0,0,0,0,0,351
66d2a329a83d33691b5fe7937bbfbffd,MALE,50-64,0,38,0,73,0,1,67,33,34,0,0,375,107,492,10,54,2,0,0,0,10,0,17,0,17,0,1,0,0,0,0,0,1624
4e1a38925af9f48889fe3e952b247326,FEMALE,35-49,7,0,47,0,0,47,0,1,1,0,0,27,1,79,1,0,47,0,0,0,4,0,0,0,0,0,0,0,0,0,0,0,342
5c9583085493bf65d2a322a794d752f2,FEMALE,35-49,0,46,3,1,6,1,39,33,33,2,0,348,88,463,13,48,42,0,0,0,17,0,0,0,0,0,0,0,1,0,1,0,2907
f6cd7617d07c0e180e7ffa284de08c15,MALE,65-xx,3,24,1,2,1,3,85,81,89,0,1,512,92,427,35,58,17,0,0,0,27,0,0,0,0,0,1,0,0,0,0,0,3140
d72e4b7b00cf79d63985c39ee99d5d23,FEMALE,50-64,0,0,1,0,1,1,0,0,0,0,0,31,4,44,0,0,2,0,0,0,4,0,10,0,10,0,0,0,0,0,0,0,344
755e49db52cf4147d53df66d0c73bc6b,MALE,25-34,2,0,25,0,0,25,0,0,0,0,0,23,1,25,0,4,25,0,0,0,2,0,8,0,8,0,0,0,0,0,0,0,310
a461066d41c07295283f3c02099adcd8,MALE,35-49,0,0,18,0,0,18,0,1,1,0,0,19,1,19,0,3,18,0,0,0,0,0,0,0,0,0,0,0,0,0,0,0,215
56a8086bc186ef1bc7c5df85545e0116,MALE,35-49,1,0,42,0,0,42,0,2,2,0,0,24,5,55,0,2,42,0,0,0,3,0,9,0,9,0,0,0,0,0,0,0,342
94abbb1487b94006fc74d0ab84ec2635,FEMALE,25-34,0,0,23,1,0,23,0,0,0,0,0,25,3,18,0,1,23,0,0,0,1,0,7,0,7,0,0,0,0,0,0,0,261
dce632f5ef586e0def244e8eb45dd2b8,FEMALE,50-64,0,0,26,0,0,26,0,0,0,0,0,15,1,12,0,0,26,0,0,0,4,0,0,0,0,0,0,0,0,0,0,0,248
298ac0ec801d9f4cc6f45733f904eb1b,MALE,25-34,1,0,75,0,0,75,1,3,3,0,0,125,29,67,2,42,76,0,0,0,2,0,45,0,45,0,0,0,0,0,0,0,1184
a20faa0f43b78386e6b136ff1b3f4756,MALE,35-49,9,16,254,0,16,257,0,129,129,0,4,449,71,452,17,62,276,0,1,0,25,6,8,0,8,0,0,0,0,0,0,0,2519
cf3a2ee80d533483e436019df024846f,MALE,25-34,16,20,6,0,3,7,0,3,5,4,0,127,141,176,19,48,51,0,0,0,0,1,0,0,0,0,0,0,2,0,2,0,1090
6487bbd4145eecb77b50c1eeb36c82de,FEMALE,35-49,10,0,26,0,0,26,0,5,5,0,4,20,7,99,0,23,26,0,0,0,6,0,7,0,7,0,0,0,0,0,0,0,398
6f302b80bf2f244c30f509a763d9b1fa,MALE,35-49,20,0,2,0,0,60,216,88,106,0,0,290,34,358,14,24,4,0,0,0,26,0,0,0,0,0,0,0,0,0,0,0,1300
cd6ad18273b841d979fb938896543229,MALE,35-49,0,0,32,0,0,32,0,1,1,0,0,12,9,11,1,2,32,0,0,0,0,0,0,0,0,0,0,0,0,0,0,0,296
0044bf0a3b4fdb88798235d1352f5325,FEMALE,50-64,0,0,32,0,0,32,0,8,8,0,0,31,18,14,10,11,33,0,0,0,0,0,0,0,0,0,0,0,0,0,0,0,283
9d976a82f0d735e95f1338a0c4d08372,MALE,35-49,2,8,1,0,0,2,3,22,22,0,0,105,24,117,7,19,3,0,0,0,2,1,5,0,5,0,0,0,0,3,0,0,883
808445e76a3eba242898ba24be3ef64d,MALE,25-34,21,30,8,15,12,3,50,22,21,0,3,202,201,299,102,76,27,0,4,0,50,2,0,0,0,0,85,0,0,0,0,1,1722
788624fbd848021d505fc0ff3550fff3,FEMALE,35-49,0,1,0,0,0,0,0,0,0,0,0,22,3,46,0,1,0,0,0,0,1,0,0,0,0,0,0,0,0,0,0,0,276
0b085d7e81d2aa6897b0c7d1a07de06f,FEMALE,25-34,0,0,26,7,0,26,1,14,14,0,0,142,27,72,0,1,26,0,0,0,1,0,1,0,1,0,0,0,0,0,0,0,1027
6d5aaaa46480f919e85f286523221796,FEMALE,35-49,1,0,0,0,0,7,10,7,8,0,0,243,15,320,16,14,5,0,1,0,3,0,0,0,0,0,0,0,4,0,4,0,1566
ad82f4a5700c4e46c52c84874399a417,FEMALE,35-49,0,0,19,0,0,19,0,0,0,0,0,21,4,41,4,1,19,0,0,0,4,0,9,0,9,0,0,0,0,0,0,0,352
d0d79ca665a426c76c4d69a4e868070a,MALE,25-34,0,2,0,0,0,0,4,0,0,0,0,5,2,17,0,0,0,0,0,0,0,0,0,0,0,0,0,0,0,0,0,0,136
111a34249fffddcfcfe1f00951698366,MALE,35-49,88,20,0,1,0,18,94,40,40,2,7,140,54,403,15,108,17,0,2,0,4,0,0,0,0,0,0,0,1,0,1,0,1581
f9f2ea449732be0f491cf507b9f5d9df,FEMALE,35-49,0,3,18,0,0,18,0,2,2,0,0,79,6,44,3,6,18,0,0,0,4,0,0,0,0,0,0,0,0,0,0,0,636
752e8784532ed8faa799cc8cb25dd3f3,MALE,35-49,1,34,0,0,2,0,15,20,21,0,0,150,105,174,64,44,1,0,1,0,42,2,0,0,0,0,2,0,0,0,0,0,1035
d28c1d83999e19eb1710ac909ac8de47,FEMALE,35-49,0,0,20,0,0,20,0,4,4,0,0,15,2,11,0,23,20,0,0,0,4,0,0,0,0,0,0,0,0,0,0,0,234
f1ff6a7b7270f8b983e7898f4eaeb53b,FEMALE,35-49,3,0,0,0,0,0,3,0,0,0,0,9,1,11,1,1,0,0,0,0,0,0,0,0,0,0,0,0,0,0,0,0,165
379fa2087c5d74668270f6a607208e5c,FEMALE,25-34,7,0,21,0,0,21,0,6,9,0,0,33,2,63,1,3,22,0,0,0,0,0,10,0,10,0,0,0,0,0,0,0,333
e539ade0a2ab4a3fe264de60bd448293,FEMALE,18-24,45,24,0,26,7,19,105,41,43,3,5,148,132,209,50,33,33,0,10,0,8,0,18,0,18,0,8,0,8,70,8,0,1552
df8062f8e532887a2c796b784c93247a,MALE,18-24,0,0,10,0,0,10,0,0,0,0,0,32,3,65,0,3,10,0,0,0,0,0,10,0,10,0,0,0,0,0,0,0,337
0f993d529ff60d03fcbc9f439a7909f1,FEMALE,25-34,20,0,69,28,9,69,0,7,8,0,0,21,12,91,12,17,69,0,1,0,3,0,22,0,22,0,0,0,0,0,0,0,541
0a012eb53f5e7bad0691c9a0fcb761d6,MALE,35-49,2,10,0,1,1,0,51,11,11,0,56,76,23,239,4,19,3,0,0,0,125,0,0,0,0,0,0,0,0,0,0,0,1748
4e12db3babc8b873a1acc07d835551ac,FEMALE,25-34,0,0,42,0,0,42,4,7,6,0,0,26,3,37,5,4,43,0,0,0,3,0,9,0,9,0,0,0,0,0,0,0,347
9e46d220751b35e62cc149fea318fae9,FEMALE,25-34,1,0,10,0,0,10,0,0,0,0,0,5,1,43,1,0,10,0,0,0,1,0,10,0,10,0,0,0,0,0,0,0,208
ceed88f668081db61cedbf12dd85e48d,FEMALE,25-34,1,6,0,80,0,1,18,10,10,0,9,40,28,67,2,5,4,0,9,0,0,0,0,0,0,28,70,0,53,56,53,0,599
e6daefefdc379cd36fc04d7a57819232,FEMALE,50-64,3,0,5,0,0,4,0,0,4,0,0,10,1,51,3,4,4,0,0,0,1,0,10,0,10,0,0,0,0,0,0,0,295
8eddffd79435b9899bdce96f32ac8964,FEMALE,25-34,4,0,9,0,0,9,0,0,0,0,0,4,5,34,1,6,9,0,0,0,3,0,6,0,6,0,0,0,0,0,0,0,249
3bcfe66d0205a1ba9798f567ed9abd02,MALE,25-34,0,0,32,0,0,32,0,1,1,0,0,9,1,9,0,3,32,0,0,0,4,0,0,0,0,0,0,0,0,0,0,0,159
da166e95ddce4d299d22fd481fbc7f3a,FEMALE,35-49,4,0,18,0,0,18,0,6,6,2,0,20,1,57,0,0,18,0,0,0,2,0,10,0,10,0,0,0,0,0,0,0,317
0f35f8ef1f873d9a7ca0217d2c144ad9,MALE,25-34,8,0,98,0,0,98,0,10,10,2,0,36,12,30,0,2,104,0,0,0,12,0,10,0,10,0,0,0,0,0,0,0,284
4c9fe29d6bea6d70c02b7eca7e2fac7b,MALE,50-64,7,16,0,0,10,0,36,37,39,4,4,185,67,218,12,12,1,0,4,0,1,0,1,0,1,0,0,0,0,0,0,0,1572
f40c67d538d653971ab3b2099f6dc9ed,FEMALE,25-34,0,0,7,0,0,7,0,3,3,0,0,8,3,31,0,0,7,0,0,0,2,0,6,0,6,0,0,0,0,0,0,0,215
0e1df8a8392b3c327ca155ab776075d6,FEMALE,50-64,49,249,5,4,36,22,235,124,124,3,13,720,217,957,51,74,53,0,52,0,92,0,19,0,19,6,1,0,18,27,18,0,4129
d6320c38e7d241a2051948d9c92d5fcc,FEMALE,35-49,0,0,2,0,0,2,3,1,0,0,0,12,4,14,0,0,2,0,0,0,1,0,1,0,1,0,0,0,0,0,0,0,176
bba9dd588bd881e925c3b1e699dd149d,FEMALE,35-49,1,0,83,0,0,83,0,15,14,0,0,43,20,57,0,0,83,0,0,0,2,0,0,0,0,0,0,0,0,0,0,0,645
355cb0e198dc1ee4fedadd9a15937aed,MALE,25-34,0,8,0,0,0,0,2,3,3,0,0,10,0,71,0,6,0,0,0,0,13,0,0,0,0,0,0,0,0,0,0,0,557
14bd7b5d73bb987fb12de857a8af04d4,FEMALE,25-34,2,0,16,0,1,15,0,1,1,0,0,23,2,17,3,2,15,0,0,0,6,0,9,0,9,0,0,0,0,0,0,0,316
d422b458cbd644bc5927c8446b6db4ba,MALE,35-49,0,0,0,0,0,0,1,0,0,0,0,44,7,43,2,2,4,0,0,0,0,0,0,0,0,0,0,0,0,0,0,0,441
dfc648f66390a808d76f67f8d67984b3,MALE,35-49,0,0,22,0,2,22,0,2,2,1,0,19,2,25,0,3,22,0,0,0,4,0,9,0,9,0,0,0,0,0,0,0,291
4aea1c28f32e0f24d10af683c56d5571,FEMALE,35-49,0,0,2,0,0,2,0,4,4,0,0,36,12,42,2,8,2,0,0,0,0,0,8,0,8,0,0,0,0,0,0,0,164
530a6b79d79885afb1136a137bf7c606,MALE,35-49,19,324,1,8,13,12,95,160,160,14,6,975,335,1205,32,191,46,0,6,1,34,3,15,0,15,0,4,0,2,0,2,1,5022
fd17ad398d0c93b2ab737394911d9680,MALE,25-34,4,4,6,0,0,5,0,7,6,0,0,19,6,66,10,6,7,0,1,0,0,0,6,0,6,0,0,0,0,0,0,0,260
b62d3ee201923f7177cfb7fbff1b9246,MALE,25-34,0,0,19,0,0,19,0,1,1,0,1,35,1,44,0,12,19,0,0,0,1,0,10,0,10,0,0,0,0,0,0,0,259
db62119e6b5ec7f69d03f35e94c20113,FEMALE,25-34,1,0,12,0,0,12,0,1,1,0,0,5,0,8,0,1,12,0,0,0,0,0,0,0,0,0,0,0,0,0,0,0,132
a32d584d94c8b4df00c723964397af63,FEMALE,25-34,13,0,34,0,0,31,0,3,3,0,0,15,1,27,0,2,31,0,0,0,3,0,0,0,0,0,0,0,0,0,0,0,314
7aae392bc294eb33775b41d1ae9008a6,FEMALE,35-49,39,18,0,0,3,6,35,19,18,0,0,451,67,614,1,36,17,0,0,0,31,0,0,0,0,0,0,0,0,0,0,0,2977
2ca309cabcd1abfe3b5ce94a3d04083f,MALE,18-24,0,2,3,6,0,4,0,27,27,2,0,141,98,223,42,14,1,0,0,0,4,3,0,0,0,0,1,0,0,0,0,0,1495
a60b395bd833e09056306cf9e2a5424f,FEMALE,35-49,0,0,15,0,1,15,0,10,10,0,0,37,15,24,1,8,15,0,0,0,5,0,10,0,10,0,2,0,0,0,0,0,312
85cd4542fdbd671a1081fdf9cc9c99f1,MALE,25-34,2,6,0,0,35,44,32,59,59,0,5,131,69,150,4,33,5,0,0,1,9,0,1,0,1,0,0,0,0,0,0,1,926
a8ac8af521dd5428a2684753ff282c70,MALE,25-34,37,70,8,2,5,14,70,159,169,39,17,258,105,539,36,116,104,0,48,7,9,44,26,0,27,1,52,0,51,1,51,1,2335
67b65b5ecfd4737ef2d1635f7787d27c,MALE,50-64,10,0,4,6,74,18,16,254,256,0,8,1032,292,562,198,276,38,0,14,0,22,0,0,0,0,0,12,0,0,0,0,0,2903
9fd6232ade715eb689acbf07177bdf4e,FEMALE,35-49,1,12,12,0,0,12,8,0,0,0,0,21,29,27,6,2,12,0,0,0,0,1,0,0,0,0,0,0,0,0,0,0,262
77ca664bd8d7493d74e06c31310c880b,FEMALE,25-34,5,0,21,0,0,21,0,1,1,0,0,36,12,53,0,1,21,0,0,0,0,0,9,0,9,0,0,0,0,0,0,0,250
2964569986f901b8461b8de8e0315d53,MALE,25-34,4,290,0,0,1,22,205,163,163,1,0,531,122,749,12,132,22,0,0,0,50,0,16,0,16,0,0,0,0,0,0,0,3156
ee0d877c8e51ba35f769168e0a931ab9,MALE,35-49,0,0,0,0,7,0,0,36,36,0,0,121,37,114,4,4,0,0,0,1,7,0,0,0,0,0,0,0,0,0,0,0,1044
f63a0abd1aa908e77bcd4b24f9167d50,FEMALE,25-34,0,0,11,0,0,11,0,4,4,0,1,4,7,18,3,2,11,0,0,0,1,0,4,0,4,0,0,0,0,0,0,0,154
0a485d9bc555d607f43264a186fb2396,FEMALE,35-49,4,0,32,0,0,32,0,3,3,0,0,23,14,64,2,11,32,0,0,0,5,0,10,0,10,0,0,0,0,0,0,0,340
f532e8fdd3e588fc7e0f1227c4cc0475,FEMALE,35-49,0,0,20,0,0,20,0,0,0,0,0,8,0,9,0,0,21,0,0,0,0,0,5,0,5,0,0,0,0,0,0,0,174
2091e8bf7636d0dca83cfba0fa734b8a,MALE,25-34,121,64,958,8,12,1889,96,960,977,27,49,767,2098,2461,1001,261,2310,0,1626,0,34,47,68,0,68,0,421,0,343,96,342,1,5809
1f3826ca58250a9792a9d76b6755e352,MALE,25-34,11,6,0,2,2,5,0,27,29,0,0,324,24,361,19,25,15,0,2,0,9,0,0,0,0,0,2,0,0,2,0,0,2311
d01d632ac60eee20c22fc739e09630c4,FEMALE,35-49,0,0,13,0,0,13,0,1,1,0,0,16,0,34,0,0,13,0,0,0,0,0,8,0,8,0,0,0,0,0,0,0,292
f7032216f7e6a315e7aba80eb837869b,MALE,25-34,0,0,14,0,0,14,0,2,2,0,0,26,6,34,0,4,14,0,0,0,0,0,10,0,10,0,0,0,0,0,0,0,184
cb849ed0e8f9f46b34ea0c916d91246a,FEMALE,25-34,88,6,0,2,0,1,59,5,10,0,0,48,40,235,1,4,0,0,0,0,19,0,0,0,0,0,0,0,0,3,0,0,789
d5f7f3664f9ea16fbb054021fa1db89b,MALE,35-49,1,0,49,0,0,49,0,8,7,1,0,60,7,59,2,6,49,0,1,0,5,0,20,0,20,0,0,0,0,0,0,0,562
0b04e1b76df8fb5dfce687471bc10363,MALE,25-34,78,16,0,0,0,1,19,0,1,0,0,18,0,236,1,3,0,0,0,0,11,0,0,0,0,0,0,0,0,0,0,12,473
64541aaba090c2ef787f41df4f60b427,FEMALE,25-34,1,2,1,0,0,1,0,0,0,0,0,4,1,3,0,0,1,0,0,0,2,0,0,0,0,0,0,0,0,0,0,0,98
712cfd0cbc471bb71c3719087c7f8163,MALE,25-34,6,0,1,0,0,0,2,16,16,0,0,43,13,77,86,44,0,0,0,0,0,13,0,0,0,0,1,0,0,0,0,0,479
c8792bbc040e42454c553884e49b0ad4,FEMALE,25-34,2,0,35,0,0,35,0,1,1,0,0,31,4,18,0,0,35,0,0,0,4,0,0,0,0,0,0,0,0,0,0,0,334
ad2cb6ee14999d6fb82188de2eac5b36,MALE,35-49,8,548,0,130,560,24,464,286,352,0,76,2250,642,3114,336,140,24,0,32,0,124,0,0,0,0,0,0,0,0,0,0,10,6048
269e60fba19ed6253ec9e8351c1309d4,MALE,35-49,3,0,44,2,1,44,3,6,6,0,0,97,5,254,0,25,47,0,0,0,1,0,13,0,13,0,0,0,0,0,0,0,737
daadc248fd9c1f691ba9fa366f8e0e68,FEMALE,25-34,3,0,1,1,0,0,0,5,5,0,0,39,0,33,0,5,0,0,0,0,0,0,0,0,0,0,0,0,0,0,0,0,331
1585cd6e4e9e40f33d0add5f9aa021b3,MALE,25-34,40,93,1,0,19256,2,78,20,37,778,226,325,464,1383,412,33,62,0,51,0,54,192,18,0,18,2,970,0,0,8,0,0,2254
2da285ca4d7ccf55cddaec524cd6945e,MALE,25-34,3,0,96,3,0,96,0,0,0,0,0,22,2,44,5,2,96,0,0,0,3,1,8,0,8,0,0,0,0,0,0,0,345
6e6763685d90463cf4744c69b67bc6a8,MALE,35-49,9,4,0,0,0,6,10,2,4,0,0,17,1,86,8,6,0,0,0,0,3,0,0,0,0,0,0,0,0,0,0,0,453
fe826c2665b9aecd0e77a27eaa21e1d5,MALE,35-49,0,0,0,0,0,0,0,10,10,0,0,10,20,28,0,6,0,0,0,0,0,0,0,0,0,0,0,0,0,0,0,0,253
7063a298b3fe8ae16adf08d157d7650b,FEMALE,25-34,21,1,0,0,0,2,92,10,18,4,0,115,43,240,6,13,9,0,0,0,9,0,0,0,0,0,0,0,0,0,0,0,1477
920189e406fe3bd1b1d90f171d254c81,MALE,50-64,0,54,336,138,47,348,12,76,76,0,0,420,71,467,24,32,344,0,0,0,0,0,0,0,0,0,0,0,0,0,0,0,1559
d2a64c8cda3ca7eb0a29f38a9ee59a71,MALE,25-34,37,77,1,2,6,7,203,45,53,9,4,291,107,497,32,81,5,0,13,2,31,5,5,0,5,0,8,0,30,0,30,0,2258
cb18e30e112592b891b1a19714a8c9b4,FEMALE,50-64,3,2,10,0,0,10,6,1,1,0,0,26,6,25,0,4,13,0,0,0,4,0,9,0,9,0,0,0,0,0,0,0,332
83436be17ccd5f13421563e71f1831f9,FEMALE,35-49,38,34,0,5,0,0,93,14,14,0,1,344,47,275,42,30,26,0,19,0,11,0,15,0,15,0,8,0,0,0,0,0,1874
2f0930b662599ca0e886fc97a3a766b0,MALE,35-49,0,0,26,0,0,26,0,0,0,0,0,18,2,61,0,8,26,0,0,0,0,0,10,0,10,0,0,0,0,0,0,0,357
2f7cbda95a93a77d2414c09962414486,FEMALE,50-64,7,0,29,0,0,29,0,3,3,0,0,12,2,19,0,0,29,0,0,0,0,0,9,0,9,0,0,0,0,0,0,0,298
0c1260e532652078f669e45e3f400c4b,MALE,35-49,1,5,0,0,0,2,2,7,7,0,0,96,12,81,13,11,0,0,0,0,6,0,0,0,0,0,0,0,0,0,0,0,666
7deda4c651b4b8a9fa937903db9de6bd,MALE,50-64,26,169,6,0,2,0,162,44,43,1,24,571,73,640,62,37,5,0,1,0,73,1,0,0,0,0,0,0,0,0,0,0,3371
7d754aec6549d9c7edf312ae2052d3e5,FEMALE,35-49,20,0,16,0,0,15,0,1,1,0,0,16,3,54,0,18,15,0,0,0,1,0,15,0,15,0,0,0,0,0,0,0,235
109178ef55eccb9e70d989b81cd608fe,FEMALE,65-xx,16,0,8,0,0,8,1,0,0,0,0,11,7,24,0,1,8,0,0,0,2,0,3,0,3,0,0,0,0,0,0,0,240
a5ed4c18c0390f87ec8fd26f61e38b8b,FEMALE,25-34,3,341,0,1,6,2,306,62,67,4,0,1295,262,1085,257,167,19,0,1,0,38,1,13,0,13,0,4,0,0,0,0,0,6162
70121bb3fedd1b9881da204cce3d70c5,MALE,25-34,7,0,46,0,0,45,2,2,4,0,1,22,0,21,8,8,45,0,0,0,2,1,0,0,0,0,2,0,0,0,0,0,258
427243f7ecba77db502e1ecc334a3670,MALE,25-34,0,0,28,0,0,28,0,5,5,0,0,26,6,18,0,1,28,0,0,0,1,0,0,0,0,0,0,0,0,0,0,0,257
de7c1877406b7b524612d33cfd4a6faa,FEMALE,65-xx,90,93,4,23,10,8,273,110,109,4,3,386,213,480,72,45,30,0,10,0,28,2,0,0,0,0,5,0,0,0,0,0,3020
7b929a991be4703bfb474b2192b9e3d3,MALE,35-49,14,60,2,11,20,18,17,35,35,24,1,733,565,836,29,250,145,0,1,0,89,0,0,0,0,0,0,1,9,0,9,0,4866
7b72e0ec27de5a09329c3a182a932fe1,FEMALE,18-24,0,0,17,0,0,17,0,0,0,0,0,4,2,14,2,3,17,0,0,0,1,0,0,0,0,0,0,0,0,0,0,0,146
9dd443066d1d87106cf38c417792118a,FEMALE,25-34,4,0,2,0,0,2,0,0,0,0,0,14,2,20,0,0,2,0,0,0,5,0,0,0,0,0,0,0,0,0,0,0,286
0745bfb436637124afa2c14ebe7b55ce,MALE,35-49,65,62,12,0,7,45,52,23,23,1,2,471,52,642,12,66,2,0,0,0,45,0,0,0,0,0,0,0,0,0,0,0,3752
e82f0de508f17e5e333744972538b360,MALE,50-64,0,0,89,0,0,89,0,5,5,0,0,56,15,20,0,1,89,0,0,0,0,0,20,0,20,0,0,0,0,0,0,0,611
913e54a57730b7790f2d81c0f15df3c3,MALE,35-49,6,28,0,2,0,0,62,0,0,0,0,62,16,84,0,14,6,0,0,0,6,0,0,0,0,0,0,0,0,0,0,0,422
af9393a9f93b3ef093de18b489cd2d52,MALE,65-xx,2,14,0,18,18,2,12,44,44,240,0,202,52,154,34,16,2,0,0,0,2,14,0,0,0,0,0,0,0,0,0,0,680
eaa5dee7f527a6a158ba2de33c135db5,MALE,50-64,18,160,4,6,21,0,91,128,131,2,2,692,192,598,58,85,23,0,4,1,49,1,1,0,1,1,1,0,1,0,1,0,3730
a19b3aa4172e27805ebb7d758f1a9554,FEMALE,25-34,5,0,15,0,0,15,0,1,1,0,0,30,6,61,0,0,15,0,0,0,5,0,10,0,10,0,0,0,0,0,0,0,345
9fd50a877070139eb06c70e34346d8bf,MALE,35-49,30,556,12,20,6,394,142,108,146,0,2,370,138,760,364,266,450,0,290,0,50,54,12,0,12,0,138,0,54,2,54,0,1886
1c8878c8b91130a12db45ef2e8185183,FEMALE,35-49,6,46,0,3,0,0,110,0,0,0,1,165,18,357,0,0,0,0,0,0,5,0,0,0,0,0,0,0,0,0,0,0,1109
d5bafdf68fc64ed3e9bc147dfcc5aef4,MALE,50-64,3,146,1,1,30,13,29,139,137,2,40,1019,373,1216,195,443,283,0,102,0,18,15,1,0,1,0,79,1,94,0,94,0,4629
ade51b73b66e6c37d31deeaba14bd000,FEMALE,35-49,24,18,13,7,2,9,31,9,9,0,0,479,177,606,22,27,15,0,3,0,35,1,14,0,14,0,1,0,0,1,0,3,3326
8a27676432d2227fff82e5ca1973c62c,FEMALE,35-49,5,0,19,1,1,17,0,0,0,0,0,24,10,73,3,2,17,0,0,0,2,0,0,0,0,0,0,0,0,0,0,0,413
603d5ea042f656afdbec4a39f7203ea3,FEMALE,35-49,7,6,0,1,2,2,19,2,2,1,0,76,132,74,9,7,1,0,0,1,11,0,0,0,0,0,0,0,0,1,0,1,885
049a61c8481194920950bf2411e9f721,MALE,25-34,6,0,0,0,0,0,15,6,6,2,0,22,7,54,28,12,2,0,0,0,2,0,0,0,0,0,0,0,0,0,0,0,271
c191a1fb49e90564d6a2effeaf8493d6,FEMALE,50-64,5,24,0,1,0,0,47,11,80,0,0,298,17,393,0,35,19,0,0,0,18,0,1,0,1,0,0,0,0,0,0,0,1581
47fb01784d4b95b49b3969f117581b32,FEMALE,18-24,47,26,14,0,1,98,38,44,50,0,4,177,86,299,18,30,5,0,1,0,37,0,0,0,0,0,0,0,0,0,0,0,1905
7a2db29d490c056dbbaba6170380848e,MALE,35-49,0,14,3,1,0,4,1,24,24,5,0,181,99,196,5,37,38,0,1,0,1,0,0,0,0,0,0,0,3,0,3,0,1531
c82ac59e4431be73a1a9c148abbacfb7,MALE,35-49,7,4,0,0,1,0,7,1,1,0,0,11,8,57,3,30,0,0,0,0,3,0,0,0,0,0,0,0,0,0,0,0,232
4e42116e64b482d8138352a72f32e8bc,FEMALE,25-34,79,50,0,2,0,1,111,30,46,0,1,272,74,241,7,39,5,0,0,0,8,7,0,0,0,2,3,0,0,1,0,0,1663
e70b835403729f1a2437127aa543d8f3,MALE,25-34,3,0,31,0,0,31,0,9,9,0,0,21,10,28,8,5,31,0,0,0,0,0,7,0,7,0,0,0,0,0,0,0,293
69dcc34685484753917caabc186c8ee8,MALE,25-34,0,0,0,0,0,0,0,0,0,0,0,0,0,0,0,0,0,0,0,0,0,0,0,0,0,0,0,0,0,0,0,0,0
121503d0305016cc445a5409b84bd1dc,MALE,50-64,1,78,0,32,0,2,114,18,18,2,0,658,111,894,0,40,3,0,0,0,8,0,0,0,0,0,0,0,0,0,0,0,3771
23120d5588a1042cf38f5df310432a83,FEMALE,25-34,9,0,12,1,0,12,0,0,0,0,0,31,6,52,0,1,12,0,0,0,0,0,10,0,10,0,0,0,0,0,0,0,347
8530e3cea6d6cfdd3892902b3876e60a,MALE,25-34,0,0,17,0,0,17,0,3,2,0,1,14,4,27,10,8,17,0,0,0,0,0,10,0,10,0,0,0,0,0,0,0,327
f88316ce3babd449f686dfbfcea929d3,FEMALE,50-64,8,28,0,0,5,0,41,0,0,6,0,47,86,69,11,44,33,3,0,0,29,7,1,0,1,0,0,0,6,0,4,0,764
ebb150c68b95d6f1c846b4cb8727d8f7,MALE,25-34,6,2,1,1,0,0,6,3,3,0,6,12,3,8,2,0,0,0,0,0,2,0,0,0,0,0,0,0,0,0,0,0,191
